UpdateCTestConfiguration  from :/workspace/scratch/6a857f5e4336/build-w2/DartConfiguration.tcl
Test project /workspace/scratch/6a857f5e4336/build-w2
Constructing a list of tests
Done constructing a list of tests
Updating test list for fixtures
Added 0 tests to meet fixture requirements
Checking test dependency graph...
Checking test dependency graph end
test 18
      Start 18: unit.test_context_engine

18: Test command: /workspace/scratch/6a857f5e4336/build-w2/loom_tests "--source-file=*/test_context_engine.cpp" "--no-intro=true"
18: Working Directory: /workspace/scratch/6a857f5e4336/build-w2
18: Test timeout computed to be: 10000000
test 17
      Start 17: unit.test_context_diagnostics

17: Test command: /workspace/scratch/6a857f5e4336/build-w2/loom_tests "--source-file=*/test_context_diagnostics.cpp" "--no-intro=true"
17: Working Directory: /workspace/scratch/6a857f5e4336/build-w2
17: Test timeout computed to be: 10000000
test 56
      Start 56: unit.test_resolve_attribution

56: Test command: /workspace/scratch/6a857f5e4336/build-w2/loom_tests "--source-file=*/test_resolve_attribution.cpp" "--no-intro=true"
56: Working Directory: /workspace/scratch/6a857f5e4336/build-w2
56: Test timeout computed to be: 10000000
56: ===============================================================================
56: /workspace/scratch/6a857f5e4336/chatadhd-w2/loom/tests/test_resolve_attribution.cpp:327:
56: TEST SUITE: resolve_attribution
56: TEST CASE:  synthetic_dev: attribution of units that never name their project, before vs after
56: 
56: /workspace/scratch/6a857f5e4336/chatadhd-w2/loom/tests/test_resolve_attribution.cpp:413: MESSAGE: noise conversations attributed to a project: 1/20
56: 
56: /workspace/scratch/6a857f5e4336/chatadhd-w2/loom/tests/test_resolve_attribution.cpp:417: MESSAGE: method tfidf, stats {"method":"tfidf","units":68,"unattributed":56,"attributed":35,"ambiguous":2,"passes":17,"foundations":0,"inferred_aliases":0,"resubjected":91,"members":{"notatnik":["gdzie to trzymac@1","un_d92a70c431c9bf2b","notatki@2","un_f9cf3aaf24f1bdc9"],"Stroz":["un_4e5a46a0e672b6d3","watcher + restart dziala@4","ile razy w tym tygodniu recznie zabijalam zawieszony proces@1","podsumowania po restarcie@5","un_7b368a1dfb7f5866","buduje stroza@2","un_e9efb004cac9f0e7","powiadomienia na pulpit@3"],"plyta":["rozne@1"],"sprawa z Kwiatowej":["olal pismo, idziemy do sadu@3","zbieram dowody - Kwiatowa@1","strategia: pismo czy od razu sad@4","un_88da9b32fddd0402","Zenon sie wypiera, ale mam maila ze stycznia@2"],"NoteFlow":["czemu ciagle zmieniam zdanie@10","notatki 0.2 i co z szyfrowaniem@6","przeglad u dentysty@3","porzucam Slow Fracture (na razie)@15","un_51a74c052f244b55","nowa synchronizacja i graf wiedzy v2@1","transkrypcja wrocila + offline fallback@4","rozjazd: python czy c++@9","riffy i pomysly na EP@16","d-moll wygrywa@13","molowy czy inny - jeszcze nie wiem@14","szyfrowanie w koncu + zgubione checklisty (znowu)@8","wygrywa c++@11","notatki glosowe dzialaja@5","zmieniam polling na inotify@12","synchronizacja pierwsza wersja@2","rozne@7"],"generator reelsow":["storyboard z tekstu dziala@2","klipy beda drogie, trzeba to ogarnac@4","pomysl na generator reelsow@1","compose dalej czeka@3"]},"alias_probe":{"notatnik":{"best":"NoteFlow","cosine":0.151,"second":0.084},"plyta":{"best":"NoteFlow","cosine":0.106,"second":0.013},"sprawa z Kwiatowej":{"best":"Stroz","cosine":0.06,"second":0.019},"NoteFlow":{"best":"Stroz","cosine":0.014,"second":0.0},"generator reelsow":{"best":"NoteFlow","cosine":0.036,"second":0.035},"Stroz":{"best":"NoteFlow","cosine":0.066,"second":0.0}}}
56: 
56: /workspace/scratch/6a857f5e4336/chatadhd-w2/loom/tests/test_resolve_attribution.cpp:418: MESSAGE: unnamed relevant units = 33: attribution accuracy before 0 -> after 0.727273 (top-1), 0.757576 (GT among chosen), ambiguous 2
56: 
56: /workspace/scratch/6a857f5e4336/chatadhd-w2/loom/tests/test_resolve_attribution.cpp:420: MESSAGE: alias recall before 0.230769 -> after 0.230769 (precision 0.545455 -> 0.545455, F1 0.324324 -> 0.324324)
56: 
56: /workspace/scratch/6a857f5e4336/chatadhd-w2/loom/tests/test_resolve_attribution.cpp:423: MESSAGE: claims attached to a project: before 0.0920245 -> after 0.595092  (163 claims of relevant units)
56: 
56: ===============================================================================
56: [doctest] test cases:   7 |   7 passed | 0 failed | 534 skipped
56: [doctest] assertions: 420 | 420 passed | 0 failed |
56: [doctest] Status: SUCCESS!
 1/20 Test #56: unit.test_resolve_attribution ...........   Passed    5.62 sec
test 21
      Start 21: unit.test_context_plan

21: Test command: /workspace/scratch/6a857f5e4336/build-w2/loom_tests "--source-file=*/test_context_plan.cpp" "--no-intro=true"
21: Working Directory: /workspace/scratch/6a857f5e4336/build-w2
21: Test timeout computed to be: 10000000
21: ===============================================================================
21: [doctest] test cases:  15 |  15 passed | 0 failed | 526 skipped
21: [doctest] assertions: 159 | 159 passed | 0 failed |
21: [doctest] Status: SUCCESS!
 2/20 Test #21: unit.test_context_plan ..................   Passed    4.13 sec
test 12
      Start 12: unit.test_chat_knowledge_context

12: Test command: /workspace/scratch/6a857f5e4336/build-w2/loom_tests "--source-file=*/test_chat_knowledge_context.cpp" "--no-intro=true"
12: Working Directory: /workspace/scratch/6a857f5e4336/build-w2
12: Test timeout computed to be: 10000000
12: ===============================================================================
12: [doctest] test cases:  15 |  15 passed | 0 failed | 526 skipped
12: [doctest] assertions: 212 | 212 passed | 0 failed |
12: [doctest] Status: SUCCESS!
 3/20 Test #12: unit.test_chat_knowledge_context ........   Passed    3.62 sec
test 57
      Start 57: unit.test_resolve_lineage

57: Test command: /workspace/scratch/6a857f5e4336/build-w2/loom_tests "--source-file=*/test_resolve_lineage.cpp" "--no-intro=true"
57: Working Directory: /workspace/scratch/6a857f5e4336/build-w2
57: Test timeout computed to be: 10000000
18: ===============================================================================
18: [doctest] test cases:   18 |   18 passed | 0 failed | 523 skipped
18: [doctest] assertions: 1364 | 1364 passed | 0 failed |
18: [doctest] Status: SUCCESS!
 4/20 Test #18: unit.test_context_engine ................   Passed   14.86 sec
test 6
      Start  6: unit.test_catalog_context

6: Test command: /workspace/scratch/6a857f5e4336/build-w2/loom_tests "--source-file=*/test_catalog_context.cpp" "--no-intro=true"
6: Working Directory: /workspace/scratch/6a857f5e4336/build-w2
6: Test timeout computed to be: 10000000
17: ===============================================================================
17: [doctest] test cases:   9 |   9 passed | 0 failed | 532 skipped
17: [doctest] assertions: 335 | 335 passed | 0 failed |
17: [doctest] Status: SUCCESS!
 5/20 Test #17: unit.test_context_diagnostics ...........   Passed   14.90 sec
test 3
      Start  3: unit.test_capi

3: Test command: /workspace/scratch/6a857f5e4336/build-w2/loom_tests "--source-file=*/test_capi.cpp" "--no-intro=true"
3: Working Directory: /workspace/scratch/6a857f5e4336/build-w2
3: Test timeout computed to be: 10000000
57: ===============================================================================
57: /workspace/scratch/6a857f5e4336/chatadhd-w2/loom/tests/test_resolve_lineage.cpp:42:
57: TEST SUITE: resolve_lineage
57: TEST CASE:  history/chatadhd_v0.8.3 forked from 0.7.9 (46d0ba7)
57: 
57: /workspace/scratch/6a857f5e4336/chatadhd-w2/loom/tests/test_resolve_lineage.cpp:49: MESSAGE: 0.8.3 base 46d0ba7 confidence 1 votes {"revision":"46d0ba7474a2ea3edae8f402ce57f51934b94d73","label":"0.7.9","date":"2026-02-11T20:11:51Z","files":34,"weight":13860.98,"similarity":0.8825} / {"revision":"1e3fa2b6ed746a2252cd83182c47b5d7ae257505","label":"0.7.10","date":"2026-02-11T20:22:53Z","files":31,"weight":13625.175,"similarity":0.8712}
57: 
57: ===============================================================================
57: /workspace/scratch/6a857f5e4336/chatadhd-w2/loom/tests/test_resolve_lineage.cpp:66:
57: TEST SUITE: resolve_lineage
57: TEST CASE:  history/chatadhd_v0.9.0 forked from 0.7.10 (1e3fa2b), before the abspath fix
57: 
57: /workspace/scratch/6a857f5e4336/chatadhd-w2/loom/tests/test_resolve_lineage.cpp:72: MESSAGE: 0.9.0 base 1e3fa2b confidence 0.9672 votes {"revision":"1e3fa2b6ed746a2252cd83182c47b5d7ae257505","label":"0.7.10","date":"2026-02-11T20:22:53Z","files":50,"weight":16845.765,"similarity":0.4565} / {"revision":"6ab43662d64a20808742a6e9c2ea818bae0cdff1","label":"0.7.10","date":"2026-02-11T20:22:53Z","files":50,"weight":16845.765,"similarity":0.4565}
57: 
57: ===============================================================================
57: [doctest] test cases:  2 |  2 passed | 0 failed | 539 skipped
57: [doctest] assertions: 15 | 15 passed | 0 failed |
57: [doctest] Status: SUCCESS!
 6/20 Test #57: unit.test_resolve_lineage ...............   Passed    3.78 sec
test 15
      Start 15: unit.test_context_controls

15: Test command: /workspace/scratch/6a857f5e4336/build-w2/loom_tests "--source-file=*/test_context_controls.cpp" "--no-intro=true"
15: Working Directory: /workspace/scratch/6a857f5e4336/build-w2
15: Test timeout computed to be: 10000000
6: ===============================================================================
6: [doctest] test cases:  7 |  7 passed | 0 failed | 534 skipped
6: [doctest] assertions: 81 | 81 passed | 0 failed |
6: [doctest] Status: SUCCESS!
 7/20 Test  #6: unit.test_catalog_context ...............   Passed    2.71 sec
test 45
      Start 45: unit.test_materialize

45: Test command: /workspace/scratch/6a857f5e4336/build-w2/loom_tests "--source-file=*/test_materialize.cpp" "--no-intro=true"
45: Working Directory: /workspace/scratch/6a857f5e4336/build-w2
45: Test timeout computed to be: 10000000
45: ===============================================================================
45: [doctest] test cases:  6 |  6 passed | 0 failed | 535 skipped
45: [doctest] assertions: 67 | 67 passed | 0 failed |
45: [doctest] Status: SUCCESS!
 8/20 Test #45: unit.test_materialize ...................   Passed    1.45 sec
test 19
      Start 19: unit.test_context_eval

19: Test command: /workspace/scratch/6a857f5e4336/build-w2/loom_tests "--source-file=*/test_context_eval.cpp" "--no-intro=true"
19: Working Directory: /workspace/scratch/6a857f5e4336/build-w2
19: Test timeout computed to be: 10000000
3: ===============================================================================
3: [doctest] test cases:  10 |  10 passed | 0 failed | 531 skipped
3: [doctest] assertions: 580 | 580 passed | 0 failed |
3: [doctest] Status: SUCCESS!
 9/20 Test  #3: unit.test_capi ..........................   Passed    4.33 sec
test 20
      Start 20: unit.test_context_native_consumer

20: Test command: /workspace/scratch/6a857f5e4336/build-w2/loom_tests "--source-file=*/test_context_native_consumer.cpp" "--no-intro=true"
20: Working Directory: /workspace/scratch/6a857f5e4336/build-w2
20: Test timeout computed to be: 10000000
19: ===============================================================================
19: /workspace/scratch/6a857f5e4336/chatadhd-w2/loom/tests/test_context_eval.cpp:346:
19: TEST SUITE: context_eval
19: TEST CASE:  context efficiency vs naive full-history and flat-retrieval, coverage@budget, determinism
19: 
19: /workspace/scratch/6a857f5e4336/chatadhd-w2/loom/tests/test_context_eval.cpp:429: MESSAGE: naive=1040 flat_tokens=161 flat_coverage=1/1 selected=551
19:   logged: scenario: implement checklist feature (PL)
19: 
19: /workspace/scratch/6a857f5e4336/chatadhd-w2/loom/tests/test_context_eval.cpp:429: MESSAGE: naive=1040 flat_tokens=161 flat_coverage=2/2 selected=667
19:   logged: scenario: verify encryption claim
19: 
19: ===============================================================================
19: [doctest] test cases:   2 |   2 passed | 0 failed | 539 skipped
19: [doctest] assertions: 268 | 268 passed | 0 failed |
19: [doctest] Status: SUCCESS!
10/20 Test #19: unit.test_context_eval ..................   Passed    1.69 sec
test 22
      Start 22: unit.test_context_retrieval

22: Test command: /workspace/scratch/6a857f5e4336/build-w2/loom_tests "--source-file=*/test_context_retrieval.cpp" "--no-intro=true"
22: Working Directory: /workspace/scratch/6a857f5e4336/build-w2
22: Test timeout computed to be: 10000000
15: ===============================================================================
15: [doctest] test cases:   9 |   9 passed | 0 failed | 532 skipped
15: [doctest] assertions: 153 | 153 passed | 0 failed |
15: [doctest] Status: SUCCESS!
11/20 Test #15: unit.test_context_controls ..............   Passed    3.65 sec
test 14
      Start 14: unit.test_context_channel_integration

14: Test command: /workspace/scratch/6a857f5e4336/build-w2/loom_tests "--source-file=*/test_context_channel_integration.cpp" "--no-intro=true"
14: Working Directory: /workspace/scratch/6a857f5e4336/build-w2
14: Test timeout computed to be: 10000000
20: ===============================================================================
20: [doctest] test cases:   6 |   6 passed | 0 failed | 535 skipped
20: [doctest] assertions: 105 | 105 passed | 0 failed |
20: [doctest] Status: SUCCESS!
12/20 Test #20: unit.test_context_native_consumer .......   Passed    2.61 sec
test 16
      Start 16: unit.test_context_counter

16: Test command: /workspace/scratch/6a857f5e4336/build-w2/loom_tests "--source-file=*/test_context_counter.cpp" "--no-intro=true"
16: Working Directory: /workspace/scratch/6a857f5e4336/build-w2
16: Test timeout computed to be: 10000000
22: ===============================================================================
22: [doctest] test cases:  13 |  13 passed | 0 failed | 528 skipped
22: [doctest] assertions: 130 | 130 passed | 0 failed |
22: [doctest] Status: SUCCESS!
13/20 Test #22: unit.test_context_retrieval .............   Passed    1.27 sec
test 4
      Start  4: unit.test_capi_knowledge

4: Test command: /workspace/scratch/6a857f5e4336/build-w2/loom_tests "--source-file=*/test_capi_knowledge.cpp" "--no-intro=true"
4: Working Directory: /workspace/scratch/6a857f5e4336/build-w2
4: Test timeout computed to be: 10000000
4: ===============================================================================
4: [doctest] test cases:  1 |  1 passed | 0 failed | 540 skipped
4: [doctest] assertions: 55 | 55 passed | 0 failed |
4: [doctest] Status: SUCCESS!
14/20 Test  #4: unit.test_capi_knowledge ................   Passed    0.65 sec
test 64
      Start 64: compat.test_abi_compat

64: Test command: /opt/codex/runtimes/codex-primary-runtime/dependencies/python/bin/python3.12 "/workspace/scratch/6a857f5e4336/chatadhd-w2/loom/tests/compat/test_abi_compat.py"
64: Working Directory: /workspace/scratch/6a857f5e4336/build-w2
64: Environment variables: 
64:  LOOM_COMPAT_TOOL=/workspace/scratch/6a857f5e4336/build-w2/loom_compat_tool
64:  LOOM_CANDIDATE_GRAPH_NATIVE_TOOL=/workspace/scratch/6a857f5e4336/build-w2/loom_candidate_graph_native_tool
64:  PYTHONPATH=/workspace/scratch/6a857f5e4336/chatadhd-w2/loom/..
64:  PYTHONDONTWRITEBYTECODE=1
64:  LOOM_LIBRARY=/workspace/scratch/6a857f5e4336/build-w2/libloom.so.0.1.0
64: Test timeout computed to be: 600
14: ===============================================================================
14: [doctest] test cases:  5 |  5 passed | 0 failed | 536 skipped
14: [doctest] assertions: 63 | 63 passed | 0 failed |
14: [doctest] Status: SUCCESS!
15/20 Test #14: unit.test_context_channel_integration ...   Passed    2.06 sec
test 55
      Start 55: unit.test_resolve

55: Test command: /workspace/scratch/6a857f5e4336/build-w2/loom_tests "--source-file=*/test_resolve.cpp" "--no-intro=true"
55: Working Directory: /workspace/scratch/6a857f5e4336/build-w2
55: Test timeout computed to be: 10000000
64: test_ctypes_smoke (__main__.AbiTest.test_ctypes_smoke) ... ok
64: test_original_spec_signatures_are_exact (__main__.AbiTest.test_original_spec_signatures_are_exact) ... ok
16: ===============================================================================
16: [doctest] test cases:  4 |  4 passed | 0 failed | 537 skipped
16: [doctest] assertions: 38 | 38 passed | 0 failed |
16: [doctest] Status: SUCCESS!
16/20 Test #16: unit.test_context_counter ...............   Passed    1.28 sec
test 11
      Start 11: unit.test_chat_engine

11: Test command: /workspace/scratch/6a857f5e4336/build-w2/loom_tests "--source-file=*/test_chat_engine.cpp" "--no-intro=true"
11: Working Directory: /workspace/scratch/6a857f5e4336/build-w2
11: Test timeout computed to be: 10000000
64: test_shared_library_exports_exactly_the_declared_api (__main__.AbiTest.test_shared_library_exports_exactly_the_declared_api) ... ok
64: 
64: ----------------------------------------------------------------------
64: Ran 3 tests in 0.393s
64: 
64: OK
17/20 Test #64: compat.test_abi_compat ..................   Passed    0.54 sec
test 23
      Start 23: unit.test_context_retrieval_dev

23: Test command: /workspace/scratch/6a857f5e4336/build-w2/loom_tests "--source-file=*/test_context_retrieval_dev.cpp" "--no-intro=true"
23: Working Directory: /workspace/scratch/6a857f5e4336/build-w2
23: Test timeout computed to be: 10000000
11: ===============================================================================
11: [doctest] test cases: 15 | 15 passed | 0 failed | 526 skipped
11: [doctest] assertions: 67 | 67 passed | 0 failed |
11: [doctest] Status: SUCCESS!
18/20 Test #11: unit.test_chat_engine ...................   Passed    0.10 sec
55: ===============================================================================
55: [doctest] test cases:  8 |  8 passed | 0 failed | 533 skipped
55: [doctest] assertions: 71 | 71 passed | 0 failed |
55: [doctest] Status: SUCCESS!
19/20 Test #55: unit.test_resolve .......................   Passed    0.48 sec
23: ===============================================================================
23: /workspace/scratch/6a857f5e4336/chatadhd-w2/loom/tests/test_context_retrieval_dev.cpp:223:
23: TEST SUITE: context_retrieval_dev
23: TEST CASE:  synthetic DEV compares native graph tfidf union and lexical shadow without quality gates
23: 
23: /workspace/scratch/6a857f5e4336/chatadhd-w2/loom/tests/test_context_retrieval_dev.cpp:289: MESSAGE: W2_RETRIEVAL_DEV_ROW {"protocol":"w2.synthetic_dev.v1","case":"checkpoint_union","mode":"graph","pack_hash":"b149a86f452d2594b80088da6fe0d990b1a766d72a7b841c1b86f41970251759","request":{"text":"checkpoint","targets":["e_6dcaaa07327a560f"],"project":"","budget_tokens":4096,"goal_type":"answer_question","run":"kr_69c5ea8ee1f275a0","lang":"en","detail_resolution":"full"},"gold":["cl.dev.offset","cl.dev.resume"],"candidate_metrics":{"gold_count":2,"retrieved_count":2,"relevant_count":1,"irrelevant_count":1,"recall":0.5,"precision":0.5,"first_relevant_rank":1,"reciprocal_rank":1.0,"hits_at_1":true,"hits_at_3":true},"selected_metrics":{"gold_count":2,"retrieved_count":2,"relevant_count":1,"irrelevant_count":1,"recall":0.5,"precision":0.5,"first_relevant_rank":1,"reciprocal_rank":1.0,"hits_at_1":true,"hits_at_3":true},"candidate_rank":[{"ref":"cl.dev.resume","score":0.27999999999999997},{"ref":"cl.dev.toolbar","score":0.27999999999999997}],"selected_rank":[{"ref":"cl.dev.resume","score":0.27999999999999997},{"ref":"cl.dev.toolbar","score":0.27999999999999997}],"used_tokens":61,"dropped":[],"engine_diagnostics":{"confidence_basis":"explicit_owner_type","calibration_status":"unavailable","external_goal_typing":{"status":"offline","requests":0},"classifier":"forced","context_controls":{"relation_hops":1,"detail_resolution":"full"},"retrieval_diagnostics":{"status":"bounded","exhaustive":false,"queries":[{"operation":"principles","selector":{},"limit":1000000,"returned":0,"status":"below_cap"},{"operation":"project_instances","selector":{"project":"e_6dcaaa07327a560f"},"limit":1000000,"returned":0,"status":"below_cap"},{"operation":"project_decisions","selector":{"project":"e_6dcaaa07327a560f"},"limit":1000000,"returned":0,"status":"below_cap"},{"operation":"status_history","selector":{"entity":"e_6dcaaa07327a560f"},"limit":1000000,"returned":0,"status":"below_cap"},{"operation":"graph","selector":{"entity":"e_6dcaaa07327a560f","direction":"outgoing","hop":1},"limit":10000,"returned":2,"status":"below_cap"},{"operation":"graph","selector":{"entity":"e_6dcaaa07327a560f","direction":"incoming","hop":1},"limit":10000,"returned":0,"status":"below_cap"}],"lookup_issues":[],"excluded":[],"missing_premises":[],"query_errors":0,"cap_hits":0,"gathered_candidates":2,"unique_candidates":2,"duplicate_candidates_merged":0,"budget":{"metric":"rendered_item_codepoints_div_4","includes_prompt_overhead":false,"initial_band_tokens":[614,1434,2048],"total_tokens":4096,"final_band_tokens":[0,0,4096],"used_band_tokens":[0,0,61],"used_tokens":61},"recovered_budget_drops":[]}},"answer_correctness":"not_measured"}
23:   logged: DEV case checkpoint_union
23:           mode graph
23: 
23: /workspace/scratch/6a857f5e4336/chatadhd-w2/loom/tests/test_context_retrieval_dev.cpp:289: MESSAGE: W2_RETRIEVAL_DEV_ROW {"protocol":"w2.synthetic_dev.v1","case":"checkpoint_union","mode":"tfidf","pack_hash":"b149a86f452d2594b80088da6fe0d990b1a766d72a7b841c1b86f41970251759","request":{"text":"checkpoint","targets":["e_6dcaaa07327a560f"],"project":"","budget_tokens":4096,"goal_type":"answer_question","run":"kr_69c5ea8ee1f275a0","lang":"en","relation_hops":0,"detail_resolution":"full","candidate_channels":[{"id":"tfidf","limit":100,"min_score":0.0}]},"gold":["cl.dev.offset","cl.dev.resume"],"candidate_metrics":{"gold_count":2,"retrieved_count":2,"relevant_count":1,"irrelevant_count":1,"recall":0.5,"precision":0.5,"first_relevant_rank":2,"reciprocal_rank":0.5,"hits_at_1":false,"hits_at_3":true},"selected_metrics":{"gold_count":2,"retrieved_count":2,"relevant_count":1,"irrelevant_count":1,"recall":0.5,"precision":0.5,"first_relevant_rank":2,"reciprocal_rank":0.5,"hits_at_1":false,"hits_at_3":true},"candidate_rank":[{"ref":"cl.dev.wallpaper","score":0.8},{"ref":"cl.dev.offset","score":0.4}],"selected_rank":[{"ref":"cl.dev.wallpaper","score":0.8},{"ref":"cl.dev.offset","score":0.4}],"used_tokens":55,"dropped":[],"engine_diagnostics":{"confidence_basis":"explicit_owner_type","calibration_status":"unavailable","external_goal_typing":{"status":"offline","requests":0},"classifier":"forced","context_controls":{"relation_hops":0,"detail_resolution":"full"},"candidate_retrieval":{"run":"kr_69c5ea8ee1f275a0","scan_limit":10000,"channels":[{"method":"tfidf","status":"ok","reason":"","corpus_count":7,"scored_count":7,"unrepresentable_count":0,"unrepresentable_refs":[],"zero_score_count":5,"eligible_count":2,"truncated":false,"scores":[{"ref":"cl.dev.wallpaper","score":0.3128445040346275},{"ref":"cl.dev.offset","score":0.2591976395028348},{"ref":"cl.dev.crypto","score":0.0},{"ref":"cl.dev.orchid","score":0.0},{"ref":"cl.dev.resume","score":0.0},{"ref":"cl.dev.toolbar","score":0.0},{"ref":"cl.dev.weather","score":0.0}],"hits":[{"ref":"cl.dev.wallpaper","score":0.3128445040346275},{"ref":"cl.dev.offset","score":0.2591976395028348}],"id":"tfidf","request":{"id":"tfidf","limit":100,"min_score":0.0},"invalid_hits":[],"accepted_hits":[{"ref":"cl.dev.wallpaper","score":0.3128445040346275},{"ref":"cl.dev.offset","score":0.2591976395028348}]}],"corpus_status":"ok","possibly_truncated":false,"evidence_boundary":"candidate_similarity_is_not_support_truth_or_identity","scanned_claims":7,"admitted_claims":7,"filtered_claims":0,"entity_label_query_errors":0},"retrieval_diagnostics":{"status":"bounded","exhaustive":false,"queries":[{"operation":"principles","selector":{},"limit":1000000,"returned":0,"status":"below_cap"},{"operation":"project_instances","selector":{"project":"e_6dcaaa07327a560f"},"limit":1000000,"returned":0,"status":"below_cap"},{"operation":"project_decisions","selector":{"project":"e_6dcaaa07327a560f"},"limit":1000000,"returned":0,"status":"below_cap"},{"operation":"status_history","selector":{"entity":"e_6dcaaa07327a560f"},"limit":1000000,"returned":0,"status":"below_cap"}],"lookup_issues":[],"excluded":[],"missing_premises":[],"query_errors":0,"cap_hits":0,"gathered_candidates":2,"unique_candidates":2,"duplicate_candidates_merged":0,"budget":{"metric":"rendered_item_codepoints_div_4","includes_prompt_overhead":false,"initial_band_tokens":[614,1434,2048],"total_tokens":4096,"final_band_tokens":[0,0,4096],"used_band_tokens":[0,0,55],"used_tokens":55},"recovered_budget_drops":[]}},"answer_correctness":"not_measured"}
23:   logged: DEV case checkpoint_union
23:           mode tfidf
23: 
23: /workspace/scratch/6a857f5e4336/chatadhd-w2/loom/tests/test_context_retrieval_dev.cpp:289: MESSAGE: W2_RETRIEVAL_DEV_ROW {"protocol":"w2.synthetic_dev.v1","case":"checkpoint_union","mode":"union","pack_hash":"b149a86f452d2594b80088da6fe0d990b1a766d72a7b841c1b86f41970251759","request":{"text":"checkpoint","targets":["e_6dcaaa07327a560f"],"project":"","budget_tokens":4096,"goal_type":"answer_question","run":"kr_69c5ea8ee1f275a0","lang":"en","detail_resolution":"full","candidate_channels":[{"id":"tfidf","limit":100,"min_score":0.0}]},"gold":["cl.dev.offset","cl.dev.resume"],"candidate_metrics":{"gold_count":2,"retrieved_count":4,"relevant_count":2,"irrelevant_count":2,"recall":1.0,"precision":0.5,"first_relevant_rank":2,"reciprocal_rank":0.5,"hits_at_1":false,"hits_at_3":true},"selected_metrics":{"gold_count":2,"retrieved_count":4,"relevant_count":2,"irrelevant_count":2,"recall":1.0,"precision":0.5,"first_relevant_rank":2,"reciprocal_rank":0.5,"hits_at_1":false,"hits_at_3":true},"candidate_rank":[{"ref":"cl.dev.wallpaper","score":0.8},{"ref":"cl.dev.offset","score":0.4},{"ref":"cl.dev.resume","score":0.27999999999999997},{"ref":"cl.dev.toolbar","score":0.27999999999999997}],"selected_rank":[{"ref":"cl.dev.wallpaper","score":0.8},{"ref":"cl.dev.offset","score":0.4},{"ref":"cl.dev.resume","score":0.27999999999999997},{"ref":"cl.dev.toolbar","score":0.27999999999999997}],"used_tokens":116,"dropped":[],"engine_diagnostics":{"confidence_basis":"explicit_owner_type","calibration_status":"unavailable","external_goal_typing":{"status":"offline","requests":0},"classifier":"forced","context_controls":{"relation_hops":1,"detail_resolution":"full"},"candidate_retrieval":{"run":"kr_69c5ea8ee1f275a0","scan_limit":10000,"channels":[{"method":"tfidf","status":"ok","reason":"","corpus_count":7,"scored_count":7,"unrepresentable_count":0,"unrepresentable_refs":[],"zero_score_count":5,"eligible_count":2,"truncated":false,"scores":[{"ref":"cl.dev.wallpaper","score":0.3128445040346275},{"ref":"cl.dev.offset","score":0.2591976395028348},{"ref":"cl.dev.crypto","score":0.0},{"ref":"cl.dev.orchid","score":0.0},{"ref":"cl.dev.resume","score":0.0},{"ref":"cl.dev.toolbar","score":0.0},{"ref":"cl.dev.weather","score":0.0}],"hits":[{"ref":"cl.dev.wallpaper","score":0.3128445040346275},{"ref":"cl.dev.offset","score":0.2591976395028348}],"id":"tfidf","request":{"id":"tfidf","limit":100,"min_score":0.0},"invalid_hits":[],"accepted_hits":[{"ref":"cl.dev.wallpaper","score":0.3128445040346275},{"ref":"cl.dev.offset","score":0.2591976395028348}]}],"corpus_status":"ok","possibly_truncated":false,"evidence_boundary":"candidate_similarity_is_not_support_truth_or_identity","scanned_claims":7,"admitted_claims":7,"filtered_claims":0,"entity_label_query_errors":0},"retrieval_diagnostics":{"status":"bounded","exhaustive":false,"queries":[{"operation":"principles","selector":{},"limit":1000000,"returned":0,"status":"below_cap"},{"operation":"project_instances","selector":{"project":"e_6dcaaa07327a560f"},"limit":1000000,"returned":0,"status":"below_cap"},{"operation":"project_decisions","selector":{"project":"e_6dcaaa07327a560f"},"limit":1000000,"returned":0,"status":"below_cap"},{"operation":"status_history","selector":{"entity":"e_6dcaaa07327a560f"},"limit":1000000,"returned":0,"status":"below_cap"},{"operation":"graph","selector":{"entity":"e_6dcaaa07327a560f","direction":"outgoing","hop":1},"limit":10000,"returned":2,"status":"below_cap"},{"operation":"graph","selector":{"entity":"e_6dcaaa07327a560f","direction":"incoming","hop":1},"limit":10000,"returned":0,"status":"below_cap"}],"lookup_issues":[],"excluded":[],"missing_premises":[],"query_errors":0,"cap_hits":0,"gathered_candidates":4,"unique_candidates":4,"duplicate_candidates_merged":0,"budget":{"metric":"rendered_item_codepoints_div_4","includes_prompt_overhead":false,"initial_band_tokens":[614,1434,2048],"total_tokens":4096,"final_band_tokens":[0,0,4096],"used_band_tokens":[0,0,116],"used_tokens":116},"recovered_budget_drops":[]}},"answer_correctness":"not_measured"}
23:   logged: DEV case checkpoint_union
23:           mode union
23: 
23: /workspace/scratch/6a857f5e4336/chatadhd-w2/loom/tests/test_context_retrieval_dev.cpp:289: MESSAGE: W2_RETRIEVAL_DEV_ROW {"protocol":"w2.synthetic_dev.v1","case":"checkpoint_union","mode":"graph_shadow","pack_hash":"b149a86f452d2594b80088da6fe0d990b1a766d72a7b841c1b86f41970251759","request":{"text":"checkpoint","targets":["e_6dcaaa07327a560f"],"project":"","budget_tokens":4096,"goal_type":"answer_question","run":"kr_69c5ea8ee1f275a0","lang":"en","detail_resolution":"full","lexical_shadow":true},"gold":["cl.dev.offset","cl.dev.resume"],"candidate_metrics":{"gold_count":2,"retrieved_count":2,"relevant_count":1,"irrelevant_count":1,"recall":0.5,"precision":0.5,"first_relevant_rank":1,"reciprocal_rank":1.0,"hits_at_1":true,"hits_at_3":true},"selected_metrics":{"gold_count":2,"retrieved_count":2,"relevant_count":1,"irrelevant_count":1,"recall":0.5,"precision":0.5,"first_relevant_rank":1,"reciprocal_rank":1.0,"hits_at_1":true,"hits_at_3":true},"candidate_rank":[{"ref":"cl.dev.resume","score":0.27999999999999997},{"ref":"cl.dev.toolbar","score":0.27999999999999997}],"selected_rank":[{"ref":"cl.dev.resume","score":0.27999999999999997},{"ref":"cl.dev.toolbar","score":0.27999999999999997}],"used_tokens":61,"dropped":[],"engine_diagnostics":{"confidence_basis":"explicit_owner_type","calibration_status":"unavailable","external_goal_typing":{"status":"offline","requests":0},"classifier":"forced","context_controls":{"relation_hops":1,"detail_resolution":"full"},"candidate_retrieval":{"run":"kr_69c5ea8ee1f275a0","scan_limit":10000,"channels":[],"corpus_status":"ok","possibly_truncated":false,"evidence_boundary":"candidate_similarity_is_not_support_truth_or_identity","scanned_claims":7,"admitted_claims":7,"filtered_claims":0,"entity_label_query_errors":0,"lexical_shadow":{"method":"lexical_token_overlap","status":"ok","reason":"","corpus_count":7,"scored_count":7,"unrepresentable_count":0,"unrepresentable_refs":[],"zero_score_count":5,"eligible_count":2,"truncated":false,"scores":[{"ref":"cl.dev.offset","score":1.0},{"ref":"cl.dev.wallpaper","score":1.0},{"ref":"cl.dev.crypto","score":0.0},{"ref":"cl.dev.orchid","score":0.0},{"ref":"cl.dev.resume","score":0.0},{"ref":"cl.dev.toolbar","score":0.0},{"ref":"cl.dev.weather","score":0.0}],"hits":[{"ref":"cl.dev.offset","score":1.0},{"ref":"cl.dev.wallpaper","score":1.0}],"diagnostic_gap":[{"ref":"cl.dev.offset","score":1.0,"verification":"undecided"},{"ref":"cl.dev.wallpaper","score":1.0,"verification":"undecided"}],"comparison":"lexical_hits_minus_graph_and_nonlexical_channel_hits_before_selection","selection_effect":"none"}},"retrieval_diagnostics":{"status":"bounded","exhaustive":false,"queries":[{"operation":"principles","selector":{},"limit":1000000,"returned":0,"status":"below_cap"},{"operation":"project_instances","selector":{"project":"e_6dcaaa07327a560f"},"limit":1000000,"returned":0,"status":"below_cap"},{"operation":"project_decisions","selector":{"project":"e_6dcaaa07327a560f"},"limit":1000000,"returned":0,"status":"below_cap"},{"operation":"status_history","selector":{"entity":"e_6dcaaa07327a560f"},"limit":1000000,"returned":0,"status":"below_cap"},{"operation":"graph","selector":{"entity":"e_6dcaaa07327a560f","direction":"outgoing","hop":1},"limit":10000,"returned":2,"status":"below_cap"},{"operation":"graph","selector":{"entity":"e_6dcaaa07327a560f","direction":"incoming","hop":1},"limit":10000,"returned":0,"status":"below_cap"}],"lookup_issues":[],"excluded":[],"missing_premises":[],"query_errors":0,"cap_hits":0,"gathered_candidates":2,"unique_candidates":2,"duplicate_candidates_merged":0,"budget":{"metric":"rendered_item_codepoints_div_4","includes_prompt_overhead":false,"initial_band_tokens":[614,1434,2048],"total_tokens":4096,"final_band_tokens":[0,0,4096],"used_band_tokens":[0,0,61],"used_tokens":61},"recovered_budget_drops":[]}},"answer_correctness":"not_measured"}
23:   logged: DEV case checkpoint_union
23:           mode graph_shadow
23: 
23: /workspace/scratch/6a857f5e4336/chatadhd-w2/loom/tests/test_context_retrieval_dev.cpp:289: MESSAGE: W2_RETRIEVAL_DEV_ROW {"protocol":"w2.synthetic_dev.v1","case":"support_quote_only","mode":"graph","pack_hash":"b149a86f452d2594b80088da6fe0d990b1a766d72a7b841c1b86f41970251759","request":{"text":"orchid","targets":["e_f10e3a58512ccb1e"],"project":"","budget_tokens":4096,"goal_type":"answer_question","run":"kr_69c5ea8ee1f275a0","lang":"en","detail_resolution":"full"},"gold":["cl.dev.orchid"],"candidate_metrics":{"gold_count":1,"retrieved_count":0,"relevant_count":0,"irrelevant_count":0,"recall":0.0,"precision":null,"first_relevant_rank":null,"reciprocal_rank":0.0,"hits_at_1":false,"hits_at_3":false},"selected_metrics":{"gold_count":1,"retrieved_count":0,"relevant_count":0,"irrelevant_count":0,"recall":0.0,"precision":null,"first_relevant_rank":null,"reciprocal_rank":0.0,"hits_at_1":false,"hits_at_3":false},"candidate_rank":[],"selected_rank":[],"used_tokens":0,"dropped":[],"engine_diagnostics":{"confidence_basis":"explicit_owner_type","calibration_status":"unavailable","external_goal_typing":{"status":"offline","requests":0},"classifier":"forced","context_controls":{"relation_hops":1,"detail_resolution":"full"},"retrieval_diagnostics":{"status":"bounded","exhaustive":false,"queries":[{"operation":"principles","selector":{},"limit":1000000,"returned":0,"status":"below_cap"},{"operation":"project_instances","selector":{"project":"e_f10e3a58512ccb1e"},"limit":1000000,"returned":0,"status":"below_cap"},{"operation":"project_decisions","selector":{"project":"e_f10e3a58512ccb1e"},"limit":1000000,"returned":0,"status":"below_cap"},{"operation":"status_history","selector":{"entity":"e_f10e3a58512ccb1e"},"limit":1000000,"returned":0,"status":"below_cap"},{"operation":"graph","selector":{"entity":"e_f10e3a58512ccb1e","direction":"outgoing","hop":1},"limit":10000,"returned":0,"status":"below_cap"},{"operation":"graph","selector":{"entity":"e_f10e3a58512ccb1e","direction":"incoming","hop":1},"limit":10000,"returned":0,"status":"below_cap"}],"lookup_issues":[],"excluded":[],"missing_premises":[],"query_errors":0,"cap_hits":0,"gathered_candidates":0,"unique_candidates":0,"duplicate_candidates_merged":0,"budget":{"metric":"rendered_item_codepoints_div_4","includes_prompt_overhead":false,"initial_band_tokens":[614,1434,2048],"total_tokens":4096,"final_band_tokens":[0,0,4096],"used_band_tokens":[0,0,0],"used_tokens":0},"recovered_budget_drops":[]}},"answer_correctness":"not_measured"}
23:   logged: DEV case support_quote_only
23:           mode graph
23: 
23: /workspace/scratch/6a857f5e4336/chatadhd-w2/loom/tests/test_context_retrieval_dev.cpp:289: MESSAGE: W2_RETRIEVAL_DEV_ROW {"protocol":"w2.synthetic_dev.v1","case":"support_quote_only","mode":"tfidf","pack_hash":"b149a86f452d2594b80088da6fe0d990b1a766d72a7b841c1b86f41970251759","request":{"text":"orchid","targets":["e_f10e3a58512ccb1e"],"project":"","budget_tokens":4096,"goal_type":"answer_question","run":"kr_69c5ea8ee1f275a0","lang":"en","relation_hops":0,"detail_resolution":"full","candidate_channels":[{"id":"tfidf","limit":100,"min_score":0.0}]},"gold":["cl.dev.orchid"],"candidate_metrics":{"gold_count":1,"retrieved_count":1,"relevant_count":1,"irrelevant_count":0,"recall":1.0,"precision":1.0,"first_relevant_rank":1,"reciprocal_rank":1.0,"hits_at_1":true,"hits_at_3":true},"selected_metrics":{"gold_count":1,"retrieved_count":1,"relevant_count":1,"irrelevant_count":0,"recall":1.0,"precision":1.0,"first_relevant_rank":1,"reciprocal_rank":1.0,"hits_at_1":true,"hits_at_3":true},"candidate_rank":[{"ref":"cl.dev.orchid","score":0.8}],"selected_rank":[{"ref":"cl.dev.orchid","score":0.8}],"used_tokens":30,"dropped":[],"engine_diagnostics":{"confidence_basis":"explicit_owner_type","calibration_status":"unavailable","external_goal_typing":{"status":"offline","requests":0},"classifier":"forced","context_controls":{"relation_hops":0,"detail_resolution":"full"},"candidate_retrieval":{"run":"kr_69c5ea8ee1f275a0","scan_limit":10000,"channels":[{"method":"tfidf","status":"ok","reason":"","corpus_count":7,"scored_count":7,"unrepresentable_count":0,"unrepresentable_refs":[],"zero_score_count":6,"eligible_count":1,"truncated":false,"scores":[{"ref":"cl.dev.orchid","score":0.29681010828190285},{"ref":"cl.dev.crypto","score":0.0},{"ref":"cl.dev.offset","score":0.0},{"ref":"cl.dev.resume","score":0.0},{"ref":"cl.dev.toolbar","score":0.0},{"ref":"cl.dev.wallpaper","score":0.0},{"ref":"cl.dev.weather","score":0.0}],"hits":[{"ref":"cl.dev.orchid","score":0.29681010828190285}],"id":"tfidf","request":{"id":"tfidf","limit":100,"min_score":0.0},"invalid_hits":[],"accepted_hits":[{"ref":"cl.dev.orchid","score":0.29681010828190285}]}],"corpus_status":"ok","possibly_truncated":false,"evidence_boundary":"candidate_similarity_is_not_support_truth_or_identity","scanned_claims":7,"admitted_claims":7,"filtered_claims":0,"entity_label_query_errors":0},"retrieval_diagnostics":{"status":"bounded","exhaustive":false,"queries":[{"operation":"principles","selector":{},"limit":1000000,"returned":0,"status":"below_cap"},{"operation":"project_instances","selector":{"project":"e_f10e3a58512ccb1e"},"limit":1000000,"returned":0,"status":"below_cap"},{"operation":"project_decisions","selector":{"project":"e_f10e3a58512ccb1e"},"limit":1000000,"returned":0,"status":"below_cap"},{"operation":"status_history","selector":{"entity":"e_f10e3a58512ccb1e"},"limit":1000000,"returned":0,"status":"below_cap"}],"lookup_issues":[],"excluded":[],"missing_premises":[],"query_errors":0,"cap_hits":0,"gathered_candidates":1,"unique_candidates":1,"duplicate_candidates_merged":0,"budget":{"metric":"rendered_item_codepoints_div_4","includes_prompt_overhead":false,"initial_band_tokens":[614,1434,2048],"total_tokens":4096,"final_band_tokens":[0,0,4096],"used_band_tokens":[0,0,30],"used_tokens":30},"recovered_budget_drops":[]}},"answer_correctness":"not_measured"}
23:   logged: DEV case support_quote_only
23:           mode tfidf
23: 
23: /workspace/scratch/6a857f5e4336/chatadhd-w2/loom/tests/test_context_retrieval_dev.cpp:289: MESSAGE: W2_RETRIEVAL_DEV_ROW {"protocol":"w2.synthetic_dev.v1","case":"support_quote_only","mode":"union","pack_hash":"b149a86f452d2594b80088da6fe0d990b1a766d72a7b841c1b86f41970251759","request":{"text":"orchid","targets":["e_f10e3a58512ccb1e"],"project":"","budget_tokens":4096,"goal_type":"answer_question","run":"kr_69c5ea8ee1f275a0","lang":"en","detail_resolution":"full","candidate_channels":[{"id":"tfidf","limit":100,"min_score":0.0}]},"gold":["cl.dev.orchid"],"candidate_metrics":{"gold_count":1,"retrieved_count":1,"relevant_count":1,"irrelevant_count":0,"recall":1.0,"precision":1.0,"first_relevant_rank":1,"reciprocal_rank":1.0,"hits_at_1":true,"hits_at_3":true},"selected_metrics":{"gold_count":1,"retrieved_count":1,"relevant_count":1,"irrelevant_count":0,"recall":1.0,"precision":1.0,"first_relevant_rank":1,"reciprocal_rank":1.0,"hits_at_1":true,"hits_at_3":true},"candidate_rank":[{"ref":"cl.dev.orchid","score":0.8}],"selected_rank":[{"ref":"cl.dev.orchid","score":0.8}],"used_tokens":30,"dropped":[],"engine_diagnostics":{"confidence_basis":"explicit_owner_type","calibration_status":"unavailable","external_goal_typing":{"status":"offline","requests":0},"classifier":"forced","context_controls":{"relation_hops":1,"detail_resolution":"full"},"candidate_retrieval":{"run":"kr_69c5ea8ee1f275a0","scan_limit":10000,"channels":[{"method":"tfidf","status":"ok","reason":"","corpus_count":7,"scored_count":7,"unrepresentable_count":0,"unrepresentable_refs":[],"zero_score_count":6,"eligible_count":1,"truncated":false,"scores":[{"ref":"cl.dev.orchid","score":0.29681010828190285},{"ref":"cl.dev.crypto","score":0.0},{"ref":"cl.dev.offset","score":0.0},{"ref":"cl.dev.resume","score":0.0},{"ref":"cl.dev.toolbar","score":0.0},{"ref":"cl.dev.wallpaper","score":0.0},{"ref":"cl.dev.weather","score":0.0}],"hits":[{"ref":"cl.dev.orchid","score":0.29681010828190285}],"id":"tfidf","request":{"id":"tfidf","limit":100,"min_score":0.0},"invalid_hits":[],"accepted_hits":[{"ref":"cl.dev.orchid","score":0.29681010828190285}]}],"corpus_status":"ok","possibly_truncated":false,"evidence_boundary":"candidate_similarity_is_not_support_truth_or_identity","scanned_claims":7,"admitted_claims":7,"filtered_claims":0,"entity_label_query_errors":0},"retrieval_diagnostics":{"status":"bounded","exhaustive":false,"queries":[{"operation":"principles","selector":{},"limit":1000000,"returned":0,"status":"below_cap"},{"operation":"project_instances","selector":{"project":"e_f10e3a58512ccb1e"},"limit":1000000,"returned":0,"status":"below_cap"},{"operation":"project_decisions","selector":{"project":"e_f10e3a58512ccb1e"},"limit":1000000,"returned":0,"status":"below_cap"},{"operation":"status_history","selector":{"entity":"e_f10e3a58512ccb1e"},"limit":1000000,"returned":0,"status":"below_cap"},{"operation":"graph","selector":{"entity":"e_f10e3a58512ccb1e","direction":"outgoing","hop":1},"limit":10000,"returned":0,"status":"below_cap"},{"operation":"graph","selector":{"entity":"e_f10e3a58512ccb1e","direction":"incoming","hop":1},"limit":10000,"returned":0,"status":"below_cap"}],"lookup_issues":[],"excluded":[],"missing_premises":[],"query_errors":0,"cap_hits":0,"gathered_candidates":1,"unique_candidates":1,"duplicate_candidates_merged":0,"budget":{"metric":"rendered_item_codepoints_div_4","includes_prompt_overhead":false,"initial_band_tokens":[614,1434,2048],"total_tokens":4096,"final_band_tokens":[0,0,4096],"used_band_tokens":[0,0,30],"used_tokens":30},"recovered_budget_drops":[]}},"answer_correctness":"not_measured"}
23:   logged: DEV case support_quote_only
23:           mode union
23: 
23: /workspace/scratch/6a857f5e4336/chatadhd-w2/loom/tests/test_context_retrieval_dev.cpp:289: MESSAGE: W2_RETRIEVAL_DEV_ROW {"protocol":"w2.synthetic_dev.v1","case":"support_quote_only","mode":"graph_shadow","pack_hash":"b149a86f452d2594b80088da6fe0d990b1a766d72a7b841c1b86f41970251759","request":{"text":"orchid","targets":["e_f10e3a58512ccb1e"],"project":"","budget_tokens":4096,"goal_type":"answer_question","run":"kr_69c5ea8ee1f275a0","lang":"en","detail_resolution":"full","lexical_shadow":true},"gold":["cl.dev.orchid"],"candidate_metrics":{"gold_count":1,"retrieved_count":0,"relevant_count":0,"irrelevant_count":0,"recall":0.0,"precision":null,"first_relevant_rank":null,"reciprocal_rank":0.0,"hits_at_1":false,"hits_at_3":false},"selected_metrics":{"gold_count":1,"retrieved_count":0,"relevant_count":0,"irrelevant_count":0,"recall":0.0,"precision":null,"first_relevant_rank":null,"reciprocal_rank":0.0,"hits_at_1":false,"hits_at_3":false},"candidate_rank":[],"selected_rank":[],"used_tokens":0,"dropped":[],"engine_diagnostics":{"confidence_basis":"explicit_owner_type","calibration_status":"unavailable","external_goal_typing":{"status":"offline","requests":0},"classifier":"forced","context_controls":{"relation_hops":1,"detail_resolution":"full"},"candidate_retrieval":{"run":"kr_69c5ea8ee1f275a0","scan_limit":10000,"channels":[],"corpus_status":"ok","possibly_truncated":false,"evidence_boundary":"candidate_similarity_is_not_support_truth_or_identity","scanned_claims":7,"admitted_claims":7,"filtered_claims":0,"entity_label_query_errors":0,"lexical_shadow":{"method":"lexical_token_overlap","status":"ok","reason":"","corpus_count":7,"scored_count":7,"unrepresentable_count":0,"unrepresentable_refs":[],"zero_score_count":6,"eligible_count":1,"truncated":false,"scores":[{"ref":"cl.dev.orchid","score":1.0},{"ref":"cl.dev.crypto","score":0.0},{"ref":"cl.dev.offset","score":0.0},{"ref":"cl.dev.resume","score":0.0},{"ref":"cl.dev.toolbar","score":0.0},{"ref":"cl.dev.wallpaper","score":0.0},{"ref":"cl.dev.weather","score":0.0}],"hits":[{"ref":"cl.dev.orchid","score":1.0}],"diagnostic_gap":[{"ref":"cl.dev.orchid","score":1.0,"verification":"undecided"}],"comparison":"lexical_hits_minus_graph_and_nonlexical_channel_hits_before_selection","selection_effect":"none"}},"retrieval_diagnostics":{"status":"bounded","exhaustive":false,"queries":[{"operation":"principles","selector":{},"limit":1000000,"returned":0,"status":"below_cap"},{"operation":"project_instances","selector":{"project":"e_f10e3a58512ccb1e"},"limit":1000000,"returned":0,"status":"below_cap"},{"operation":"project_decisions","selector":{"project":"e_f10e3a58512ccb1e"},"limit":1000000,"returned":0,"status":"below_cap"},{"operation":"status_history","selector":{"entity":"e_f10e3a58512ccb1e"},"limit":1000000,"returned":0,"status":"below_cap"},{"operation":"graph","selector":{"entity":"e_f10e3a58512ccb1e","direction":"outgoing","hop":1},"limit":10000,"returned":0,"status":"below_cap"},{"operation":"graph","selector":{"entity":"e_f10e3a58512ccb1e","direction":"incoming","hop":1},"limit":10000,"returned":0,"status":"below_cap"}],"lookup_issues":[],"excluded":[],"missing_premises":[],"query_errors":0,"cap_hits":0,"gathered_candidates":0,"unique_candidates":0,"duplicate_candidates_merged":0,"budget":{"metric":"rendered_item_codepoints_div_4","includes_prompt_overhead":false,"initial_band_tokens":[614,1434,2048],"total_tokens":4096,"final_band_tokens":[0,0,4096],"used_band_tokens":[0,0,0],"used_tokens":0},"recovered_budget_drops":[]}},"answer_correctness":"not_measured"}
23:   logged: DEV case support_quote_only
23:           mode graph_shadow
23: 
23: /workspace/scratch/6a857f5e4336/chatadhd-w2/loom/tests/test_context_retrieval_dev.cpp:289: MESSAGE: W2_RETRIEVAL_DEV_ROW {"protocol":"w2.synthetic_dev.v1","case":"glossary_pl_en","mode":"graph","pack_hash":"b149a86f452d2594b80088da6fe0d990b1a766d72a7b841c1b86f41970251759","request":{"text":"szyfrowanie","targets":["e_f10e3a58512ccb1e"],"project":"","budget_tokens":4096,"goal_type":"answer_question","run":"kr_69c5ea8ee1f275a0","lang":"en","detail_resolution":"full"},"gold":["cl.dev.crypto"],"candidate_metrics":{"gold_count":1,"retrieved_count":0,"relevant_count":0,"irrelevant_count":0,"recall":0.0,"precision":null,"first_relevant_rank":null,"reciprocal_rank":0.0,"hits_at_1":false,"hits_at_3":false},"selected_metrics":{"gold_count":1,"retrieved_count":0,"relevant_count":0,"irrelevant_count":0,"recall":0.0,"precision":null,"first_relevant_rank":null,"reciprocal_rank":0.0,"hits_at_1":false,"hits_at_3":false},"candidate_rank":[],"selected_rank":[],"used_tokens":0,"dropped":[],"engine_diagnostics":{"confidence_basis":"explicit_owner_type","calibration_status":"unavailable","external_goal_typing":{"status":"offline","requests":0},"classifier":"forced","context_controls":{"relation_hops":1,"detail_resolution":"full"},"retrieval_diagnostics":{"status":"bounded","exhaustive":false,"queries":[{"operation":"principles","selector":{},"limit":1000000,"returned":0,"status":"below_cap"},{"operation":"project_instances","selector":{"project":"e_f10e3a58512ccb1e"},"limit":1000000,"returned":0,"status":"below_cap"},{"operation":"project_decisions","selector":{"project":"e_f10e3a58512ccb1e"},"limit":1000000,"returned":0,"status":"below_cap"},{"operation":"status_history","selector":{"entity":"e_f10e3a58512ccb1e"},"limit":1000000,"returned":0,"status":"below_cap"},{"operation":"graph","selector":{"entity":"e_f10e3a58512ccb1e","direction":"outgoing","hop":1},"limit":10000,"returned":0,"status":"below_cap"},{"operation":"graph","selector":{"entity":"e_f10e3a58512ccb1e","direction":"incoming","hop":1},"limit":10000,"returned":0,"status":"below_cap"}],"lookup_issues":[],"excluded":[],"missing_premises":[],"query_errors":0,"cap_hits":0,"gathered_candidates":0,"unique_candidates":0,"duplicate_candidates_merged":0,"budget":{"metric":"rendered_item_codepoints_div_4","includes_prompt_overhead":false,"initial_band_tokens":[614,1434,2048],"total_tokens":4096,"final_band_tokens":[0,0,4096],"used_band_tokens":[0,0,0],"used_tokens":0},"recovered_budget_drops":[]}},"answer_correctness":"not_measured"}
23:   logged: DEV case glossary_pl_en
23:           mode graph
23: 
23: /workspace/scratch/6a857f5e4336/chatadhd-w2/loom/tests/test_context_retrieval_dev.cpp:289: MESSAGE: W2_RETRIEVAL_DEV_ROW {"protocol":"w2.synthetic_dev.v1","case":"glossary_pl_en","mode":"tfidf","pack_hash":"b149a86f452d2594b80088da6fe0d990b1a766d72a7b841c1b86f41970251759","request":{"text":"szyfrowanie","targets":["e_f10e3a58512ccb1e"],"project":"","budget_tokens":4096,"goal_type":"answer_question","run":"kr_69c5ea8ee1f275a0","lang":"en","relation_hops":0,"detail_resolution":"full","candidate_channels":[{"id":"tfidf","limit":100,"min_score":0.0}]},"gold":["cl.dev.crypto"],"candidate_metrics":{"gold_count":1,"retrieved_count":1,"relevant_count":1,"irrelevant_count":0,"recall":1.0,"precision":1.0,"first_relevant_rank":1,"reciprocal_rank":1.0,"hits_at_1":true,"hits_at_3":true},"selected_metrics":{"gold_count":1,"retrieved_count":1,"relevant_count":1,"irrelevant_count":0,"recall":1.0,"precision":1.0,"first_relevant_rank":1,"reciprocal_rank":1.0,"hits_at_1":true,"hits_at_3":true},"candidate_rank":[{"ref":"cl.dev.crypto","score":0.8}],"selected_rank":[{"ref":"cl.dev.crypto","score":0.8}],"used_tokens":28,"dropped":[],"engine_diagnostics":{"confidence_basis":"explicit_owner_type","calibration_status":"unavailable","external_goal_typing":{"status":"offline","requests":0},"classifier":"forced","context_controls":{"relation_hops":0,"detail_resolution":"full"},"candidate_retrieval":{"run":"kr_69c5ea8ee1f275a0","scan_limit":10000,"channels":[{"method":"tfidf","status":"ok","reason":"","corpus_count":7,"scored_count":7,"unrepresentable_count":0,"unrepresentable_refs":[],"zero_score_count":6,"eligible_count":1,"truncated":false,"scores":[{"ref":"cl.dev.crypto","score":0.35627921077737135},{"ref":"cl.dev.offset","score":0.0},{"ref":"cl.dev.orchid","score":0.0},{"ref":"cl.dev.resume","score":0.0},{"ref":"cl.dev.toolbar","score":0.0},{"ref":"cl.dev.wallpaper","score":0.0},{"ref":"cl.dev.weather","score":0.0}],"hits":[{"ref":"cl.dev.crypto","score":0.35627921077737135}],"id":"tfidf","request":{"id":"tfidf","limit":100,"min_score":0.0},"invalid_hits":[],"accepted_hits":[{"ref":"cl.dev.crypto","score":0.35627921077737135}]}],"corpus_status":"ok","possibly_truncated":false,"evidence_boundary":"candidate_similarity_is_not_support_truth_or_identity","scanned_claims":7,"admitted_claims":7,"filtered_claims":0,"entity_label_query_errors":0},"retrieval_diagnostics":{"status":"bounded","exhaustive":false,"queries":[{"operation":"principles","selector":{},"limit":1000000,"returned":0,"status":"below_cap"},{"operation":"project_instances","selector":{"project":"e_f10e3a58512ccb1e"},"limit":1000000,"returned":0,"status":"below_cap"},{"operation":"project_decisions","selector":{"project":"e_f10e3a58512ccb1e"},"limit":1000000,"returned":0,"status":"below_cap"},{"operation":"status_history","selector":{"entity":"e_f10e3a58512ccb1e"},"limit":1000000,"returned":0,"status":"below_cap"}],"lookup_issues":[],"excluded":[],"missing_premises":[],"query_errors":0,"cap_hits":0,"gathered_candidates":1,"unique_candidates":1,"duplicate_candidates_merged":0,"budget":{"metric":"rendered_item_codepoints_div_4","includes_prompt_overhead":false,"initial_band_tokens":[614,1434,2048],"total_tokens":4096,"final_band_tokens":[0,0,4096],"used_band_tokens":[0,0,28],"used_tokens":28},"recovered_budget_drops":[]}},"answer_correctness":"not_measured"}
23:   logged: DEV case glossary_pl_en
23:           mode tfidf
23: 
23: /workspace/scratch/6a857f5e4336/chatadhd-w2/loom/tests/test_context_retrieval_dev.cpp:289: MESSAGE: W2_RETRIEVAL_DEV_ROW {"protocol":"w2.synthetic_dev.v1","case":"glossary_pl_en","mode":"union","pack_hash":"b149a86f452d2594b80088da6fe0d990b1a766d72a7b841c1b86f41970251759","request":{"text":"szyfrowanie","targets":["e_f10e3a58512ccb1e"],"project":"","budget_tokens":4096,"goal_type":"answer_question","run":"kr_69c5ea8ee1f275a0","lang":"en","detail_resolution":"full","candidate_channels":[{"id":"tfidf","limit":100,"min_score":0.0}]},"gold":["cl.dev.crypto"],"candidate_metrics":{"gold_count":1,"retrieved_count":1,"relevant_count":1,"irrelevant_count":0,"recall":1.0,"precision":1.0,"first_relevant_rank":1,"reciprocal_rank":1.0,"hits_at_1":true,"hits_at_3":true},"selected_metrics":{"gold_count":1,"retrieved_count":1,"relevant_count":1,"irrelevant_count":0,"recall":1.0,"precision":1.0,"first_relevant_rank":1,"reciprocal_rank":1.0,"hits_at_1":true,"hits_at_3":true},"candidate_rank":[{"ref":"cl.dev.crypto","score":0.8}],"selected_rank":[{"ref":"cl.dev.crypto","score":0.8}],"used_tokens":28,"dropped":[],"engine_diagnostics":{"confidence_basis":"explicit_owner_type","calibration_status":"unavailable","external_goal_typing":{"status":"offline","requests":0},"classifier":"forced","context_controls":{"relation_hops":1,"detail_resolution":"full"},"candidate_retrieval":{"run":"kr_69c5ea8ee1f275a0","scan_limit":10000,"channels":[{"method":"tfidf","status":"ok","reason":"","corpus_count":7,"scored_count":7,"unrepresentable_count":0,"unrepresentable_refs":[],"zero_score_count":6,"eligible_count":1,"truncated":false,"scores":[{"ref":"cl.dev.crypto","score":0.35627921077737135},{"ref":"cl.dev.offset","score":0.0},{"ref":"cl.dev.orchid","score":0.0},{"ref":"cl.dev.resume","score":0.0},{"ref":"cl.dev.toolbar","score":0.0},{"ref":"cl.dev.wallpaper","score":0.0},{"ref":"cl.dev.weather","score":0.0}],"hits":[{"ref":"cl.dev.crypto","score":0.35627921077737135}],"id":"tfidf","request":{"id":"tfidf","limit":100,"min_score":0.0},"invalid_hits":[],"accepted_hits":[{"ref":"cl.dev.crypto","score":0.35627921077737135}]}],"corpus_status":"ok","possibly_truncated":false,"evidence_boundary":"candidate_similarity_is_not_support_truth_or_identity","scanned_claims":7,"admitted_claims":7,"filtered_claims":0,"entity_label_query_errors":0},"retrieval_diagnostics":{"status":"bounded","exhaustive":false,"queries":[{"operation":"principles","selector":{},"limit":1000000,"returned":0,"status":"below_cap"},{"operation":"project_instances","selector":{"project":"e_f10e3a58512ccb1e"},"limit":1000000,"returned":0,"status":"below_cap"},{"operation":"project_decisions","selector":{"project":"e_f10e3a58512ccb1e"},"limit":1000000,"returned":0,"status":"below_cap"},{"operation":"status_history","selector":{"entity":"e_f10e3a58512ccb1e"},"limit":1000000,"returned":0,"status":"below_cap"},{"operation":"graph","selector":{"entity":"e_f10e3a58512ccb1e","direction":"outgoing","hop":1},"limit":10000,"returned":0,"status":"below_cap"},{"operation":"graph","selector":{"entity":"e_f10e3a58512ccb1e","direction":"incoming","hop":1},"limit":10000,"returned":0,"status":"below_cap"}],"lookup_issues":[],"excluded":[],"missing_premises":[],"query_errors":0,"cap_hits":0,"gathered_candidates":1,"unique_candidates":1,"duplicate_candidates_merged":0,"budget":{"metric":"rendered_item_codepoints_div_4","includes_prompt_overhead":false,"initial_band_tokens":[614,1434,2048],"total_tokens":4096,"final_band_tokens":[0,0,4096],"used_band_tokens":[0,0,28],"used_tokens":28},"recovered_budget_drops":[]}},"answer_correctness":"not_measured"}
23:   logged: DEV case glossary_pl_en
23:           mode union
23: 
23: /workspace/scratch/6a857f5e4336/chatadhd-w2/loom/tests/test_context_retrieval_dev.cpp:289: MESSAGE: W2_RETRIEVAL_DEV_ROW {"protocol":"w2.synthetic_dev.v1","case":"glossary_pl_en","mode":"graph_shadow","pack_hash":"b149a86f452d2594b80088da6fe0d990b1a766d72a7b841c1b86f41970251759","request":{"text":"szyfrowanie","targets":["e_f10e3a58512ccb1e"],"project":"","budget_tokens":4096,"goal_type":"answer_question","run":"kr_69c5ea8ee1f275a0","lang":"en","detail_resolution":"full","lexical_shadow":true},"gold":["cl.dev.crypto"],"candidate_metrics":{"gold_count":1,"retrieved_count":0,"relevant_count":0,"irrelevant_count":0,"recall":0.0,"precision":null,"first_relevant_rank":null,"reciprocal_rank":0.0,"hits_at_1":false,"hits_at_3":false},"selected_metrics":{"gold_count":1,"retrieved_count":0,"relevant_count":0,"irrelevant_count":0,"recall":0.0,"precision":null,"first_relevant_rank":null,"reciprocal_rank":0.0,"hits_at_1":false,"hits_at_3":false},"candidate_rank":[],"selected_rank":[],"used_tokens":0,"dropped":[],"engine_diagnostics":{"confidence_basis":"explicit_owner_type","calibration_status":"unavailable","external_goal_typing":{"status":"offline","requests":0},"classifier":"forced","context_controls":{"relation_hops":1,"detail_resolution":"full"},"candidate_retrieval":{"run":"kr_69c5ea8ee1f275a0","scan_limit":10000,"channels":[],"corpus_status":"ok","possibly_truncated":false,"evidence_boundary":"candidate_similarity_is_not_support_truth_or_identity","scanned_claims":7,"admitted_claims":7,"filtered_claims":0,"entity_label_query_errors":0,"lexical_shadow":{"method":"lexical_token_overlap","status":"ok","reason":"","corpus_count":7,"scored_count":7,"unrepresentable_count":0,"unrepresentable_refs":[],"zero_score_count":7,"eligible_count":0,"truncated":false,"scores":[{"ref":"cl.dev.crypto","score":0.0},{"ref":"cl.dev.offset","score":0.0},{"ref":"cl.dev.orchid","score":0.0},{"ref":"cl.dev.resume","score":0.0},{"ref":"cl.dev.toolbar","score":0.0},{"ref":"cl.dev.wallpaper","score":0.0},{"ref":"cl.dev.weather","score":0.0}],"hits":[],"diagnostic_gap":[],"comparison":"lexical_hits_minus_graph_and_nonlexical_channel_hits_before_selection","selection_effect":"none"}},"retrieval_diagnostics":{"status":"bounded","exhaustive":false,"queries":[{"operation":"principles","selector":{},"limit":1000000,"returned":0,"status":"below_cap"},{"operation":"project_instances","selector":{"project":"e_f10e3a58512ccb1e"},"limit":1000000,"returned":0,"status":"below_cap"},{"operation":"project_decisions","selector":{"project":"e_f10e3a58512ccb1e"},"limit":1000000,"returned":0,"status":"below_cap"},{"operation":"status_history","selector":{"entity":"e_f10e3a58512ccb1e"},"limit":1000000,"returned":0,"status":"below_cap"},{"operation":"graph","selector":{"entity":"e_f10e3a58512ccb1e","direction":"outgoing","hop":1},"limit":10000,"returned":0,"status":"below_cap"},{"operation":"graph","selector":{"entity":"e_f10e3a58512ccb1e","direction":"incoming","hop":1},"limit":10000,"returned":0,"status":"below_cap"}],"lookup_issues":[],"excluded":[],"missing_premises":[],"query_errors":0,"cap_hits":0,"gathered_candidates":0,"unique_candidates":0,"duplicate_candidates_merged":0,"budget":{"metric":"rendered_item_codepoints_div_4","includes_prompt_overhead":false,"initial_band_tokens":[614,1434,2048],"total_tokens":4096,"final_band_tokens":[0,0,4096],"used_band_tokens":[0,0,0],"used_tokens":0},"recovered_budget_drops":[]}},"answer_correctness":"not_measured"}
23:   logged: DEV case glossary_pl_en
23:           mode graph_shadow
23: 
23: /workspace/scratch/6a857f5e4336/chatadhd-w2/loom/tests/test_context_retrieval_dev.cpp:289: MESSAGE: W2_RETRIEVAL_DEV_ROW {"protocol":"w2.synthetic_dev.v1","case":"misleading_word","mode":"graph","pack_hash":"b149a86f452d2594b80088da6fe0d990b1a766d72a7b841c1b86f41970251759","request":{"text":"checkpoint","targets":["e_f10e3a58512ccb1e"],"project":"","budget_tokens":4096,"goal_type":"answer_question","run":"kr_69c5ea8ee1f275a0","lang":"en","detail_resolution":"full"},"gold":["cl.dev.offset","cl.dev.resume"],"candidate_metrics":{"gold_count":2,"retrieved_count":0,"relevant_count":0,"irrelevant_count":0,"recall":0.0,"precision":null,"first_relevant_rank":null,"reciprocal_rank":0.0,"hits_at_1":false,"hits_at_3":false},"selected_metrics":{"gold_count":2,"retrieved_count":0,"relevant_count":0,"irrelevant_count":0,"recall":0.0,"precision":null,"first_relevant_rank":null,"reciprocal_rank":0.0,"hits_at_1":false,"hits_at_3":false},"candidate_rank":[],"selected_rank":[],"used_tokens":0,"dropped":[],"engine_diagnostics":{"confidence_basis":"explicit_owner_type","calibration_status":"unavailable","external_goal_typing":{"status":"offline","requests":0},"classifier":"forced","context_controls":{"relation_hops":1,"detail_resolution":"full"},"retrieval_diagnostics":{"status":"bounded","exhaustive":false,"queries":[{"operation":"principles","selector":{},"limit":1000000,"returned":0,"status":"below_cap"},{"operation":"project_instances","selector":{"project":"e_f10e3a58512ccb1e"},"limit":1000000,"returned":0,"status":"below_cap"},{"operation":"project_decisions","selector":{"project":"e_f10e3a58512ccb1e"},"limit":1000000,"returned":0,"status":"below_cap"},{"operation":"status_history","selector":{"entity":"e_f10e3a58512ccb1e"},"limit":1000000,"returned":0,"status":"below_cap"},{"operation":"graph","selector":{"entity":"e_f10e3a58512ccb1e","direction":"outgoing","hop":1},"limit":10000,"returned":0,"status":"below_cap"},{"operation":"graph","selector":{"entity":"e_f10e3a58512ccb1e","direction":"incoming","hop":1},"limit":10000,"returned":0,"status":"below_cap"}],"lookup_issues":[],"excluded":[],"missing_premises":[],"query_errors":0,"cap_hits":0,"gathered_candidates":0,"unique_candidates":0,"duplicate_candidates_merged":0,"budget":{"metric":"rendered_item_codepoints_div_4","includes_prompt_overhead":false,"initial_band_tokens":[614,1434,2048],"total_tokens":4096,"final_band_tokens":[0,0,4096],"used_band_tokens":[0,0,0],"used_tokens":0},"recovered_budget_drops":[]}},"answer_correctness":"not_measured"}
23:   logged: DEV case misleading_word
23:           mode graph
23: 
23: /workspace/scratch/6a857f5e4336/chatadhd-w2/loom/tests/test_context_retrieval_dev.cpp:289: MESSAGE: W2_RETRIEVAL_DEV_ROW {"protocol":"w2.synthetic_dev.v1","case":"misleading_word","mode":"tfidf","pack_hash":"b149a86f452d2594b80088da6fe0d990b1a766d72a7b841c1b86f41970251759","request":{"text":"checkpoint","targets":["e_f10e3a58512ccb1e"],"project":"","budget_tokens":4096,"goal_type":"answer_question","run":"kr_69c5ea8ee1f275a0","lang":"en","relation_hops":0,"detail_resolution":"full","candidate_channels":[{"id":"tfidf","limit":100,"min_score":0.0}]},"gold":["cl.dev.offset","cl.dev.resume"],"candidate_metrics":{"gold_count":2,"retrieved_count":2,"relevant_count":1,"irrelevant_count":1,"recall":0.5,"precision":0.5,"first_relevant_rank":2,"reciprocal_rank":0.5,"hits_at_1":false,"hits_at_3":true},"selected_metrics":{"gold_count":2,"retrieved_count":2,"relevant_count":1,"irrelevant_count":1,"recall":0.5,"precision":0.5,"first_relevant_rank":2,"reciprocal_rank":0.5,"hits_at_1":false,"hits_at_3":true},"candidate_rank":[{"ref":"cl.dev.wallpaper","score":0.8},{"ref":"cl.dev.offset","score":0.4}],"selected_rank":[{"ref":"cl.dev.wallpaper","score":0.8},{"ref":"cl.dev.offset","score":0.4}],"used_tokens":55,"dropped":[],"engine_diagnostics":{"confidence_basis":"explicit_owner_type","calibration_status":"unavailable","external_goal_typing":{"status":"offline","requests":0},"classifier":"forced","context_controls":{"relation_hops":0,"detail_resolution":"full"},"candidate_retrieval":{"run":"kr_69c5ea8ee1f275a0","scan_limit":10000,"channels":[{"method":"tfidf","status":"ok","reason":"","corpus_count":7,"scored_count":7,"unrepresentable_count":0,"unrepresentable_refs":[],"zero_score_count":5,"eligible_count":2,"truncated":false,"scores":[{"ref":"cl.dev.wallpaper","score":0.3128445040346275},{"ref":"cl.dev.offset","score":0.2591976395028348},{"ref":"cl.dev.crypto","score":0.0},{"ref":"cl.dev.orchid","score":0.0},{"ref":"cl.dev.resume","score":0.0},{"ref":"cl.dev.toolbar","score":0.0},{"ref":"cl.dev.weather","score":0.0}],"hits":[{"ref":"cl.dev.wallpaper","score":0.3128445040346275},{"ref":"cl.dev.offset","score":0.2591976395028348}],"id":"tfidf","request":{"id":"tfidf","limit":100,"min_score":0.0},"invalid_hits":[],"accepted_hits":[{"ref":"cl.dev.wallpaper","score":0.3128445040346275},{"ref":"cl.dev.offset","score":0.2591976395028348}]}],"corpus_status":"ok","possibly_truncated":false,"evidence_boundary":"candidate_similarity_is_not_support_truth_or_identity","scanned_claims":7,"admitted_claims":7,"filtered_claims":0,"entity_label_query_errors":0},"retrieval_diagnostics":{"status":"bounded","exhaustive":false,"queries":[{"operation":"principles","selector":{},"limit":1000000,"returned":0,"status":"below_cap"},{"operation":"project_instances","selector":{"project":"e_f10e3a58512ccb1e"},"limit":1000000,"returned":0,"status":"below_cap"},{"operation":"project_decisions","selector":{"project":"e_f10e3a58512ccb1e"},"limit":1000000,"returned":0,"status":"below_cap"},{"operation":"status_history","selector":{"entity":"e_f10e3a58512ccb1e"},"limit":1000000,"returned":0,"status":"below_cap"}],"lookup_issues":[],"excluded":[],"missing_premises":[],"query_errors":0,"cap_hits":0,"gathered_candidates":2,"unique_candidates":2,"duplicate_candidates_merged":0,"budget":{"metric":"rendered_item_codepoints_div_4","includes_prompt_overhead":false,"initial_band_tokens":[614,1434,2048],"total_tokens":4096,"final_band_tokens":[0,0,4096],"used_band_tokens":[0,0,55],"used_tokens":55},"recovered_budget_drops":[]}},"answer_correctness":"not_measured"}
23:   logged: DEV case misleading_word
23:           mode tfidf
23: 
23: /workspace/scratch/6a857f5e4336/chatadhd-w2/loom/tests/test_context_retrieval_dev.cpp:289: MESSAGE: W2_RETRIEVAL_DEV_ROW {"protocol":"w2.synthetic_dev.v1","case":"misleading_word","mode":"union","pack_hash":"b149a86f452d2594b80088da6fe0d990b1a766d72a7b841c1b86f41970251759","request":{"text":"checkpoint","targets":["e_f10e3a58512ccb1e"],"project":"","budget_tokens":4096,"goal_type":"answer_question","run":"kr_69c5ea8ee1f275a0","lang":"en","detail_resolution":"full","candidate_channels":[{"id":"tfidf","limit":100,"min_score":0.0}]},"gold":["cl.dev.offset","cl.dev.resume"],"candidate_metrics":{"gold_count":2,"retrieved_count":2,"relevant_count":1,"irrelevant_count":1,"recall":0.5,"precision":0.5,"first_relevant_rank":2,"reciprocal_rank":0.5,"hits_at_1":false,"hits_at_3":true},"selected_metrics":{"gold_count":2,"retrieved_count":2,"relevant_count":1,"irrelevant_count":1,"recall":0.5,"precision":0.5,"first_relevant_rank":2,"reciprocal_rank":0.5,"hits_at_1":false,"hits_at_3":true},"candidate_rank":[{"ref":"cl.dev.wallpaper","score":0.8},{"ref":"cl.dev.offset","score":0.4}],"selected_rank":[{"ref":"cl.dev.wallpaper","score":0.8},{"ref":"cl.dev.offset","score":0.4}],"used_tokens":55,"dropped":[],"engine_diagnostics":{"confidence_basis":"explicit_owner_type","calibration_status":"unavailable","external_goal_typing":{"status":"offline","requests":0},"classifier":"forced","context_controls":{"relation_hops":1,"detail_resolution":"full"},"candidate_retrieval":{"run":"kr_69c5ea8ee1f275a0","scan_limit":10000,"channels":[{"method":"tfidf","status":"ok","reason":"","corpus_count":7,"scored_count":7,"unrepresentable_count":0,"unrepresentable_refs":[],"zero_score_count":5,"eligible_count":2,"truncated":false,"scores":[{"ref":"cl.dev.wallpaper","score":0.3128445040346275},{"ref":"cl.dev.offset","score":0.2591976395028348},{"ref":"cl.dev.crypto","score":0.0},{"ref":"cl.dev.orchid","score":0.0},{"ref":"cl.dev.resume","score":0.0},{"ref":"cl.dev.toolbar","score":0.0},{"ref":"cl.dev.weather","score":0.0}],"hits":[{"ref":"cl.dev.wallpaper","score":0.3128445040346275},{"ref":"cl.dev.offset","score":0.2591976395028348}],"id":"tfidf","request":{"id":"tfidf","limit":100,"min_score":0.0},"invalid_hits":[],"accepted_hits":[{"ref":"cl.dev.wallpaper","score":0.3128445040346275},{"ref":"cl.dev.offset","score":0.2591976395028348}]}],"corpus_status":"ok","possibly_truncated":false,"evidence_boundary":"candidate_similarity_is_not_support_truth_or_identity","scanned_claims":7,"admitted_claims":7,"filtered_claims":0,"entity_label_query_errors":0},"retrieval_diagnostics":{"status":"bounded","exhaustive":false,"queries":[{"operation":"principles","selector":{},"limit":1000000,"returned":0,"status":"below_cap"},{"operation":"project_instances","selector":{"project":"e_f10e3a58512ccb1e"},"limit":1000000,"returned":0,"status":"below_cap"},{"operation":"project_decisions","selector":{"project":"e_f10e3a58512ccb1e"},"limit":1000000,"returned":0,"status":"below_cap"},{"operation":"status_history","selector":{"entity":"e_f10e3a58512ccb1e"},"limit":1000000,"returned":0,"status":"below_cap"},{"operation":"graph","selector":{"entity":"e_f10e3a58512ccb1e","direction":"outgoing","hop":1},"limit":10000,"returned":0,"status":"below_cap"},{"operation":"graph","selector":{"entity":"e_f10e3a58512ccb1e","direction":"incoming","hop":1},"limit":10000,"returned":0,"status":"below_cap"}],"lookup_issues":[],"excluded":[],"missing_premises":[],"query_errors":0,"cap_hits":0,"gathered_candidates":2,"unique_candidates":2,"duplicate_candidates_merged":0,"budget":{"metric":"rendered_item_codepoints_div_4","includes_prompt_overhead":false,"initial_band_tokens":[614,1434,2048],"total_tokens":4096,"final_band_tokens":[0,0,4096],"used_band_tokens":[0,0,55],"used_tokens":55},"recovered_budget_drops":[]}},"answer_correctness":"not_measured"}
23:   logged: DEV case misleading_word
23:           mode union
23: 
23: /workspace/scratch/6a857f5e4336/chatadhd-w2/loom/tests/test_context_retrieval_dev.cpp:289: MESSAGE: W2_RETRIEVAL_DEV_ROW {"protocol":"w2.synthetic_dev.v1","case":"misleading_word","mode":"graph_shadow","pack_hash":"b149a86f452d2594b80088da6fe0d990b1a766d72a7b841c1b86f41970251759","request":{"text":"checkpoint","targets":["e_f10e3a58512ccb1e"],"project":"","budget_tokens":4096,"goal_type":"answer_question","run":"kr_69c5ea8ee1f275a0","lang":"en","detail_resolution":"full","lexical_shadow":true},"gold":["cl.dev.offset","cl.dev.resume"],"candidate_metrics":{"gold_count":2,"retrieved_count":0,"relevant_count":0,"irrelevant_count":0,"recall":0.0,"precision":null,"first_relevant_rank":null,"reciprocal_rank":0.0,"hits_at_1":false,"hits_at_3":false},"selected_metrics":{"gold_count":2,"retrieved_count":0,"relevant_count":0,"irrelevant_count":0,"recall":0.0,"precision":null,"first_relevant_rank":null,"reciprocal_rank":0.0,"hits_at_1":false,"hits_at_3":false},"candidate_rank":[],"selected_rank":[],"used_tokens":0,"dropped":[],"engine_diagnostics":{"confidence_basis":"explicit_owner_type","calibration_status":"unavailable","external_goal_typing":{"status":"offline","requests":0},"classifier":"forced","context_controls":{"relation_hops":1,"detail_resolution":"full"},"candidate_retrieval":{"run":"kr_69c5ea8ee1f275a0","scan_limit":10000,"channels":[],"corpus_status":"ok","possibly_truncated":false,"evidence_boundary":"candidate_similarity_is_not_support_truth_or_identity","scanned_claims":7,"admitted_claims":7,"filtered_claims":0,"entity_label_query_errors":0,"lexical_shadow":{"method":"lexical_token_overlap","status":"ok","reason":"","corpus_count":7,"scored_count":7,"unrepresentable_count":0,"unrepresentable_refs":[],"zero_score_count":5,"eligible_count":2,"truncated":false,"scores":[{"ref":"cl.dev.offset","score":1.0},{"ref":"cl.dev.wallpaper","score":1.0},{"ref":"cl.dev.crypto","score":0.0},{"ref":"cl.dev.orchid","score":0.0},{"ref":"cl.dev.resume","score":0.0},{"ref":"cl.dev.toolbar","score":0.0},{"ref":"cl.dev.weather","score":0.0}],"hits":[{"ref":"cl.dev.offset","score":1.0},{"ref":"cl.dev.wallpaper","score":1.0}],"diagnostic_gap":[{"ref":"cl.dev.offset","score":1.0,"verification":"undecided"},{"ref":"cl.dev.wallpaper","score":1.0,"verification":"undecided"}],"comparison":"lexical_hits_minus_graph_and_nonlexical_channel_hits_before_selection","selection_effect":"none"}},"retrieval_diagnostics":{"status":"bounded","exhaustive":false,"queries":[{"operation":"principles","selector":{},"limit":1000000,"returned":0,"status":"below_cap"},{"operation":"project_instances","selector":{"project":"e_f10e3a58512ccb1e"},"limit":1000000,"returned":0,"status":"below_cap"},{"operation":"project_decisions","selector":{"project":"e_f10e3a58512ccb1e"},"limit":1000000,"returned":0,"status":"below_cap"},{"operation":"status_history","selector":{"entity":"e_f10e3a58512ccb1e"},"limit":1000000,"returned":0,"status":"below_cap"},{"operation":"graph","selector":{"entity":"e_f10e3a58512ccb1e","direction":"outgoing","hop":1},"limit":10000,"returned":0,"status":"below_cap"},{"operation":"graph","selector":{"entity":"e_f10e3a58512ccb1e","direction":"incoming","hop":1},"limit":10000,"returned":0,"status":"below_cap"}],"lookup_issues":[],"excluded":[],"missing_premises":[],"query_errors":0,"cap_hits":0,"gathered_candidates":0,"unique_candidates":0,"duplicate_candidates_merged":0,"budget":{"metric":"rendered_item_codepoints_div_4","includes_prompt_overhead":false,"initial_band_tokens":[614,1434,2048],"total_tokens":4096,"final_band_tokens":[0,0,4096],"used_band_tokens":[0,0,0],"used_tokens":0},"recovered_budget_drops":[]}},"answer_correctness":"not_measured"}
23:   logged: DEV case misleading_word
23:           mode graph_shadow
23: 
23: /workspace/scratch/6a857f5e4336/chatadhd-w2/loom/tests/test_context_retrieval_dev.cpp:289: MESSAGE: W2_RETRIEVAL_DEV_ROW {"protocol":"w2.synthetic_dev.v1","case":"no_answer","mode":"graph","pack_hash":"b149a86f452d2594b80088da6fe0d990b1a766d72a7b841c1b86f41970251759","request":{"text":"quasarflux","targets":["e_f10e3a58512ccb1e"],"project":"","budget_tokens":4096,"goal_type":"answer_question","run":"kr_69c5ea8ee1f275a0","lang":"en","detail_resolution":"full"},"gold":[],"candidate_metrics":{"gold_count":0,"retrieved_count":0,"relevant_count":0,"irrelevant_count":0,"recall":null,"precision":null,"first_relevant_rank":null,"reciprocal_rank":null,"hits_at_1":null,"hits_at_3":null},"selected_metrics":{"gold_count":0,"retrieved_count":0,"relevant_count":0,"irrelevant_count":0,"recall":null,"precision":null,"first_relevant_rank":null,"reciprocal_rank":null,"hits_at_1":null,"hits_at_3":null},"candidate_rank":[],"selected_rank":[],"used_tokens":0,"dropped":[],"engine_diagnostics":{"confidence_basis":"explicit_owner_type","calibration_status":"unavailable","external_goal_typing":{"status":"offline","requests":0},"classifier":"forced","context_controls":{"relation_hops":1,"detail_resolution":"full"},"retrieval_diagnostics":{"status":"bounded","exhaustive":false,"queries":[{"operation":"principles","selector":{},"limit":1000000,"returned":0,"status":"below_cap"},{"operation":"project_instances","selector":{"project":"e_f10e3a58512ccb1e"},"limit":1000000,"returned":0,"status":"below_cap"},{"operation":"project_decisions","selector":{"project":"e_f10e3a58512ccb1e"},"limit":1000000,"returned":0,"status":"below_cap"},{"operation":"status_history","selector":{"entity":"e_f10e3a58512ccb1e"},"limit":1000000,"returned":0,"status":"below_cap"},{"operation":"graph","selector":{"entity":"e_f10e3a58512ccb1e","direction":"outgoing","hop":1},"limit":10000,"returned":0,"status":"below_cap"},{"operation":"graph","selector":{"entity":"e_f10e3a58512ccb1e","direction":"incoming","hop":1},"limit":10000,"returned":0,"status":"below_cap"}],"lookup_issues":[],"excluded":[],"missing_premises":[],"query_errors":0,"cap_hits":0,"gathered_candidates":0,"unique_candidates":0,"duplicate_candidates_merged":0,"budget":{"metric":"rendered_item_codepoints_div_4","includes_prompt_overhead":false,"initial_band_tokens":[614,1434,2048],"total_tokens":4096,"final_band_tokens":[0,0,4096],"used_band_tokens":[0,0,0],"used_tokens":0},"recovered_budget_drops":[]}},"answer_correctness":"not_measured"}
23:   logged: DEV case no_answer
23:           mode graph
23: 
23: /workspace/scratch/6a857f5e4336/chatadhd-w2/loom/tests/test_context_retrieval_dev.cpp:289: MESSAGE: W2_RETRIEVAL_DEV_ROW {"protocol":"w2.synthetic_dev.v1","case":"no_answer","mode":"tfidf","pack_hash":"b149a86f452d2594b80088da6fe0d990b1a766d72a7b841c1b86f41970251759","request":{"text":"quasarflux","targets":["e_f10e3a58512ccb1e"],"project":"","budget_tokens":4096,"goal_type":"answer_question","run":"kr_69c5ea8ee1f275a0","lang":"en","relation_hops":0,"detail_resolution":"full","candidate_channels":[{"id":"tfidf","limit":100,"min_score":0.0}]},"gold":[],"candidate_metrics":{"gold_count":0,"retrieved_count":0,"relevant_count":0,"irrelevant_count":0,"recall":null,"precision":null,"first_relevant_rank":null,"reciprocal_rank":null,"hits_at_1":null,"hits_at_3":null},"selected_metrics":{"gold_count":0,"retrieved_count":0,"relevant_count":0,"irrelevant_count":0,"recall":null,"precision":null,"first_relevant_rank":null,"reciprocal_rank":null,"hits_at_1":null,"hits_at_3":null},"candidate_rank":[],"selected_rank":[],"used_tokens":0,"dropped":[],"engine_diagnostics":{"confidence_basis":"explicit_owner_type","calibration_status":"unavailable","external_goal_typing":{"status":"offline","requests":0},"classifier":"forced","context_controls":{"relation_hops":0,"detail_resolution":"full"},"candidate_retrieval":{"run":"kr_69c5ea8ee1f275a0","scan_limit":10000,"channels":[{"method":"tfidf","status":"ok","reason":"","corpus_count":7,"scored_count":7,"unrepresentable_count":0,"unrepresentable_refs":[],"zero_score_count":7,"eligible_count":0,"truncated":false,"scores":[{"ref":"cl.dev.crypto","score":0.0},{"ref":"cl.dev.offset","score":0.0},{"ref":"cl.dev.orchid","score":0.0},{"ref":"cl.dev.resume","score":0.0},{"ref":"cl.dev.toolbar","score":0.0},{"ref":"cl.dev.wallpaper","score":0.0},{"ref":"cl.dev.weather","score":0.0}],"hits":[],"id":"tfidf","request":{"id":"tfidf","limit":100,"min_score":0.0},"invalid_hits":[],"accepted_hits":[]}],"corpus_status":"ok","possibly_truncated":false,"evidence_boundary":"candidate_similarity_is_not_support_truth_or_identity","scanned_claims":7,"admitted_claims":7,"filtered_claims":0,"entity_label_query_errors":0},"retrieval_diagnostics":{"status":"bounded","exhaustive":false,"queries":[{"operation":"principles","selector":{},"limit":1000000,"returned":0,"status":"below_cap"},{"operation":"project_instances","selector":{"project":"e_f10e3a58512ccb1e"},"limit":1000000,"returned":0,"status":"below_cap"},{"operation":"project_decisions","selector":{"project":"e_f10e3a58512ccb1e"},"limit":1000000,"returned":0,"status":"below_cap"},{"operation":"status_history","selector":{"entity":"e_f10e3a58512ccb1e"},"limit":1000000,"returned":0,"status":"below_cap"}],"lookup_issues":[],"excluded":[],"missing_premises":[],"query_errors":0,"cap_hits":0,"gathered_candidates":0,"unique_candidates":0,"duplicate_candidates_merged":0,"budget":{"metric":"rendered_item_codepoints_div_4","includes_prompt_overhead":false,"initial_band_tokens":[614,1434,2048],"total_tokens":4096,"final_band_tokens":[0,0,4096],"used_band_tokens":[0,0,0],"used_tokens":0},"recovered_budget_drops":[]}},"answer_correctness":"not_measured"}
23:   logged: DEV case no_answer
23:           mode tfidf
23: 
23: /workspace/scratch/6a857f5e4336/chatadhd-w2/loom/tests/test_context_retrieval_dev.cpp:289: MESSAGE: W2_RETRIEVAL_DEV_ROW {"protocol":"w2.synthetic_dev.v1","case":"no_answer","mode":"union","pack_hash":"b149a86f452d2594b80088da6fe0d990b1a766d72a7b841c1b86f41970251759","request":{"text":"quasarflux","targets":["e_f10e3a58512ccb1e"],"project":"","budget_tokens":4096,"goal_type":"answer_question","run":"kr_69c5ea8ee1f275a0","lang":"en","detail_resolution":"full","candidate_channels":[{"id":"tfidf","limit":100,"min_score":0.0}]},"gold":[],"candidate_metrics":{"gold_count":0,"retrieved_count":0,"relevant_count":0,"irrelevant_count":0,"recall":null,"precision":null,"first_relevant_rank":null,"reciprocal_rank":null,"hits_at_1":null,"hits_at_3":null},"selected_metrics":{"gold_count":0,"retrieved_count":0,"relevant_count":0,"irrelevant_count":0,"recall":null,"precision":null,"first_relevant_rank":null,"reciprocal_rank":null,"hits_at_1":null,"hits_at_3":null},"candidate_rank":[],"selected_rank":[],"used_tokens":0,"dropped":[],"engine_diagnostics":{"confidence_basis":"explicit_owner_type","calibration_status":"unavailable","external_goal_typing":{"status":"offline","requests":0},"classifier":"forced","context_controls":{"relation_hops":1,"detail_resolution":"full"},"candidate_retrieval":{"run":"kr_69c5ea8ee1f275a0","scan_limit":10000,"channels":[{"method":"tfidf","status":"ok","reason":"","corpus_count":7,"scored_count":7,"unrepresentable_count":0,"unrepresentable_refs":[],"zero_score_count":7,"eligible_count":0,"truncated":false,"scores":[{"ref":"cl.dev.crypto","score":0.0},{"ref":"cl.dev.offset","score":0.0},{"ref":"cl.dev.orchid","score":0.0},{"ref":"cl.dev.resume","score":0.0},{"ref":"cl.dev.toolbar","score":0.0},{"ref":"cl.dev.wallpaper","score":0.0},{"ref":"cl.dev.weather","score":0.0}],"hits":[],"id":"tfidf","request":{"id":"tfidf","limit":100,"min_score":0.0},"invalid_hits":[],"accepted_hits":[]}],"corpus_status":"ok","possibly_truncated":false,"evidence_boundary":"candidate_similarity_is_not_support_truth_or_identity","scanned_claims":7,"admitted_claims":7,"filtered_claims":0,"entity_label_query_errors":0},"retrieval_diagnostics":{"status":"bounded","exhaustive":false,"queries":[{"operation":"principles","selector":{},"limit":1000000,"returned":0,"status":"below_cap"},{"operation":"project_instances","selector":{"project":"e_f10e3a58512ccb1e"},"limit":1000000,"returned":0,"status":"below_cap"},{"operation":"project_decisions","selector":{"project":"e_f10e3a58512ccb1e"},"limit":1000000,"returned":0,"status":"below_cap"},{"operation":"status_history","selector":{"entity":"e_f10e3a58512ccb1e"},"limit":1000000,"returned":0,"status":"below_cap"},{"operation":"graph","selector":{"entity":"e_f10e3a58512ccb1e","direction":"outgoing","hop":1},"limit":10000,"returned":0,"status":"below_cap"},{"operation":"graph","selector":{"entity":"e_f10e3a58512ccb1e","direction":"incoming","hop":1},"limit":10000,"returned":0,"status":"below_cap"}],"lookup_issues":[],"excluded":[],"missing_premises":[],"query_errors":0,"cap_hits":0,"gathered_candidates":0,"unique_candidates":0,"duplicate_candidates_merged":0,"budget":{"metric":"rendered_item_codepoints_div_4","includes_prompt_overhead":false,"initial_band_tokens":[614,1434,2048],"total_tokens":4096,"final_band_tokens":[0,0,4096],"used_band_tokens":[0,0,0],"used_tokens":0},"recovered_budget_drops":[]}},"answer_correctness":"not_measured"}
23:   logged: DEV case no_answer
23:           mode union
23: 
23: /workspace/scratch/6a857f5e4336/chatadhd-w2/loom/tests/test_context_retrieval_dev.cpp:289: MESSAGE: W2_RETRIEVAL_DEV_ROW {"protocol":"w2.synthetic_dev.v1","case":"no_answer","mode":"graph_shadow","pack_hash":"b149a86f452d2594b80088da6fe0d990b1a766d72a7b841c1b86f41970251759","request":{"text":"quasarflux","targets":["e_f10e3a58512ccb1e"],"project":"","budget_tokens":4096,"goal_type":"answer_question","run":"kr_69c5ea8ee1f275a0","lang":"en","detail_resolution":"full","lexical_shadow":true},"gold":[],"candidate_metrics":{"gold_count":0,"retrieved_count":0,"relevant_count":0,"irrelevant_count":0,"recall":null,"precision":null,"first_relevant_rank":null,"reciprocal_rank":null,"hits_at_1":null,"hits_at_3":null},"selected_metrics":{"gold_count":0,"retrieved_count":0,"relevant_count":0,"irrelevant_count":0,"recall":null,"precision":null,"first_relevant_rank":null,"reciprocal_rank":null,"hits_at_1":null,"hits_at_3":null},"candidate_rank":[],"selected_rank":[],"used_tokens":0,"dropped":[],"engine_diagnostics":{"confidence_basis":"explicit_owner_type","calibration_status":"unavailable","external_goal_typing":{"status":"offline","requests":0},"classifier":"forced","context_controls":{"relation_hops":1,"detail_resolution":"full"},"candidate_retrieval":{"run":"kr_69c5ea8ee1f275a0","scan_limit":10000,"channels":[],"corpus_status":"ok","possibly_truncated":false,"evidence_boundary":"candidate_similarity_is_not_support_truth_or_identity","scanned_claims":7,"admitted_claims":7,"filtered_claims":0,"entity_label_query_errors":0,"lexical_shadow":{"method":"lexical_token_overlap","status":"ok","reason":"","corpus_count":7,"scored_count":7,"unrepresentable_count":0,"unrepresentable_refs":[],"zero_score_count":7,"eligible_count":0,"truncated":false,"scores":[{"ref":"cl.dev.crypto","score":0.0},{"ref":"cl.dev.offset","score":0.0},{"ref":"cl.dev.orchid","score":0.0},{"ref":"cl.dev.resume","score":0.0},{"ref":"cl.dev.toolbar","score":0.0},{"ref":"cl.dev.wallpaper","score":0.0},{"ref":"cl.dev.weather","score":0.0}],"hits":[],"diagnostic_gap":[],"comparison":"lexical_hits_minus_graph_and_nonlexical_channel_hits_before_selection","selection_effect":"none"}},"retrieval_diagnostics":{"status":"bounded","exhaustive":false,"queries":[{"operation":"principles","selector":{},"limit":1000000,"returned":0,"status":"below_cap"},{"operation":"project_instances","selector":{"project":"e_f10e3a58512ccb1e"},"limit":1000000,"returned":0,"status":"below_cap"},{"operation":"project_decisions","selector":{"project":"e_f10e3a58512ccb1e"},"limit":1000000,"returned":0,"status":"below_cap"},{"operation":"status_history","selector":{"entity":"e_f10e3a58512ccb1e"},"limit":1000000,"returned":0,"status":"below_cap"},{"operation":"graph","selector":{"entity":"e_f10e3a58512ccb1e","direction":"outgoing","hop":1},"limit":10000,"returned":0,"status":"below_cap"},{"operation":"graph","selector":{"entity":"e_f10e3a58512ccb1e","direction":"incoming","hop":1},"limit":10000,"returned":0,"status":"below_cap"}],"lookup_issues":[],"excluded":[],"missing_premises":[],"query_errors":0,"cap_hits":0,"gathered_candidates":0,"unique_candidates":0,"duplicate_candidates_merged":0,"budget":{"metric":"rendered_item_codepoints_div_4","includes_prompt_overhead":false,"initial_band_tokens":[614,1434,2048],"total_tokens":4096,"final_band_tokens":[0,0,4096],"used_band_tokens":[0,0,0],"used_tokens":0},"recovered_budget_drops":[]}},"answer_correctness":"not_measured"}
23:   logged: DEV case no_answer
23:           mode graph_shadow
23: 
23: /workspace/scratch/6a857f5e4336/chatadhd-w2/loom/tests/test_context_retrieval_dev.cpp:289: MESSAGE: W2_RETRIEVAL_DEV_ROW {"protocol":"w2.synthetic_dev.v1","case":"low_budget","mode":"graph","pack_hash":"b149a86f452d2594b80088da6fe0d990b1a766d72a7b841c1b86f41970251759","request":{"text":"checkpoint","targets":["e_6dcaaa07327a560f"],"project":"","budget_tokens":1,"goal_type":"answer_question","run":"kr_69c5ea8ee1f275a0","lang":"en","detail_resolution":"full"},"gold":["cl.dev.offset","cl.dev.resume"],"candidate_metrics":{"gold_count":2,"retrieved_count":2,"relevant_count":1,"irrelevant_count":1,"recall":0.5,"precision":0.5,"first_relevant_rank":1,"reciprocal_rank":1.0,"hits_at_1":true,"hits_at_3":true},"selected_metrics":{"gold_count":2,"retrieved_count":0,"relevant_count":0,"irrelevant_count":0,"recall":0.0,"precision":null,"first_relevant_rank":null,"reciprocal_rank":0.0,"hits_at_1":false,"hits_at_3":false},"candidate_rank":[{"ref":"cl.dev.resume","score":0.27999999999999997},{"ref":"cl.dev.toolbar","score":0.27999999999999997}],"selected_rank":[],"used_tokens":0,"dropped":[{"ref_kind":"claim","ref":"cl.dev.resume","band":"goal","resolution":"full","score":0.27999999999999997,"factors":{"relevance":0.35,"authority":0.8,"freshness":1.0,"confidence":1.0,"exclusion_reason":"budget","discovery_reason":"one hop from 'node alpha' via 'records'","direct_goal_candidate":true,"relation_hops":1},"tokens":34,"why":"over budget (needed 34 tokens, none of the remaining bands had room)","required_by":[],"text":""},{"ref_kind":"claim","ref":"cl.dev.toolbar","band":"goal","resolution":"full","score":0.27999999999999997,"factors":{"relevance":0.35,"authority":0.8,"freshness":1.0,"confidence":1.0,"exclusion_reason":"budget","discovery_reason":"one hop from 'node alpha' via 'records'","direct_goal_candidate":true,"relation_hops":1},"tokens":27,"why":"over budget (needed 27 tokens, none of the remaining bands had room)","required_by":[],"text":""}],"engine_diagnostics":{"confidence_basis":"explicit_owner_type","calibration_status":"unavailable","external_goal_typing":{"status":"offline","requests":0},"classifier":"forced","context_controls":{"relation_hops":1,"detail_resolution":"full"},"retrieval_diagnostics":{"status":"bounded","exhaustive":false,"queries":[{"operation":"principles","selector":{},"limit":1000000,"returned":0,"status":"below_cap"},{"operation":"project_instances","selector":{"project":"e_6dcaaa07327a560f"},"limit":1000000,"returned":0,"status":"below_cap"},{"operation":"project_decisions","selector":{"project":"e_6dcaaa07327a560f"},"limit":1000000,"returned":0,"status":"below_cap"},{"operation":"status_history","selector":{"entity":"e_6dcaaa07327a560f"},"limit":1000000,"returned":0,"status":"below_cap"},{"operation":"graph","selector":{"entity":"e_6dcaaa07327a560f","direction":"outgoing","hop":1},"limit":10000,"returned":2,"status":"below_cap"},{"operation":"graph","selector":{"entity":"e_6dcaaa07327a560f","direction":"incoming","hop":1},"limit":10000,"returned":0,"status":"below_cap"}],"lookup_issues":[],"excluded":[],"missing_premises":[],"query_errors":0,"cap_hits":0,"gathered_candidates":2,"unique_candidates":2,"duplicate_candidates_merged":0,"budget":{"metric":"rendered_item_codepoints_div_4","includes_prompt_overhead":false,"initial_band_tokens":[0,1,0],"total_tokens":1,"final_band_tokens":[0,0,1],"used_band_tokens":[0,0,0],"used_tokens":0},"recovered_budget_drops":[]}},"answer_correctness":"not_measured"}
23:   logged: DEV case low_budget
23:           mode graph
23: 
23: /workspace/scratch/6a857f5e4336/chatadhd-w2/loom/tests/test_context_retrieval_dev.cpp:289: MESSAGE: W2_RETRIEVAL_DEV_ROW {"protocol":"w2.synthetic_dev.v1","case":"low_budget","mode":"tfidf","pack_hash":"b149a86f452d2594b80088da6fe0d990b1a766d72a7b841c1b86f41970251759","request":{"text":"checkpoint","targets":["e_6dcaaa07327a560f"],"project":"","budget_tokens":1,"goal_type":"answer_question","run":"kr_69c5ea8ee1f275a0","lang":"en","relation_hops":0,"detail_resolution":"full","candidate_channels":[{"id":"tfidf","limit":100,"min_score":0.0}]},"gold":["cl.dev.offset","cl.dev.resume"],"candidate_metrics":{"gold_count":2,"retrieved_count":2,"relevant_count":1,"irrelevant_count":1,"recall":0.5,"precision":0.5,"first_relevant_rank":2,"reciprocal_rank":0.5,"hits_at_1":false,"hits_at_3":true},"selected_metrics":{"gold_count":2,"retrieved_count":0,"relevant_count":0,"irrelevant_count":0,"recall":0.0,"precision":null,"first_relevant_rank":null,"reciprocal_rank":0.0,"hits_at_1":false,"hits_at_3":false},"candidate_rank":[{"ref":"cl.dev.wallpaper","score":0.8},{"ref":"cl.dev.offset","score":0.4}],"selected_rank":[],"used_tokens":0,"dropped":[{"ref_kind":"claim","ref":"cl.dev.wallpaper","band":"goal","resolution":"full","score":0.8,"factors":{"relevance":1.0,"authority":0.8,"freshness":1.0,"confidence":1.0,"exclusion_reason":"budget","discovery_reason":"explicit claim or candidate instrument; independent candidate instrument (reciprocal rank signal)","direct_goal_candidate":true,"candidate_channels":{"tfidf":{"method":"tfidf","score":0.3128445040346275,"rank":1,"selection_relevance":1.0,"ranking_signal":"reciprocal_channel_rank"}}},"tokens":27,"why":"over budget (needed 27 tokens, none of the remaining bands had room)","required_by":[],"text":""},{"ref_kind":"claim","ref":"cl.dev.offset","band":"goal","resolution":"full","score":0.4,"factors":{"relevance":0.5,"authority":0.8,"freshness":1.0,"confidence":1.0,"exclusion_reason":"budget","discovery_reason":"explicit claim or candidate instrument; independent candidate instrument (reciprocal rank signal)","direct_goal_candidate":true,"candidate_channels":{"tfidf":{"method":"tfidf","score":0.2591976395028348,"rank":2,"selection_relevance":0.5,"ranking_signal":"reciprocal_channel_rank"}}},"tokens":28,"why":"over budget (needed 28 tokens, none of the remaining bands had room)","required_by":[],"text":""}],"engine_diagnostics":{"confidence_basis":"explicit_owner_type","calibration_status":"unavailable","external_goal_typing":{"status":"offline","requests":0},"classifier":"forced","context_controls":{"relation_hops":0,"detail_resolution":"full"},"candidate_retrieval":{"run":"kr_69c5ea8ee1f275a0","scan_limit":10000,"channels":[{"method":"tfidf","status":"ok","reason":"","corpus_count":7,"scored_count":7,"unrepresentable_count":0,"unrepresentable_refs":[],"zero_score_count":5,"eligible_count":2,"truncated":false,"scores":[{"ref":"cl.dev.wallpaper","score":0.3128445040346275},{"ref":"cl.dev.offset","score":0.2591976395028348},{"ref":"cl.dev.crypto","score":0.0},{"ref":"cl.dev.orchid","score":0.0},{"ref":"cl.dev.resume","score":0.0},{"ref":"cl.dev.toolbar","score":0.0},{"ref":"cl.dev.weather","score":0.0}],"hits":[{"ref":"cl.dev.wallpaper","score":0.3128445040346275},{"ref":"cl.dev.offset","score":0.2591976395028348}],"id":"tfidf","request":{"id":"tfidf","limit":100,"min_score":0.0},"invalid_hits":[],"accepted_hits":[{"ref":"cl.dev.wallpaper","score":0.3128445040346275},{"ref":"cl.dev.offset","score":0.2591976395028348}]}],"corpus_status":"ok","possibly_truncated":false,"evidence_boundary":"candidate_similarity_is_not_support_truth_or_identity","scanned_claims":7,"admitted_claims":7,"filtered_claims":0,"entity_label_query_errors":0},"retrieval_diagnostics":{"status":"bounded","exhaustive":false,"queries":[{"operation":"principles","selector":{},"limit":1000000,"returned":0,"status":"below_cap"},{"operation":"project_instances","selector":{"project":"e_6dcaaa07327a560f"},"limit":1000000,"returned":0,"status":"below_cap"},{"operation":"project_decisions","selector":{"project":"e_6dcaaa07327a560f"},"limit":1000000,"returned":0,"status":"below_cap"},{"operation":"status_history","selector":{"entity":"e_6dcaaa07327a560f"},"limit":1000000,"returned":0,"status":"below_cap"}],"lookup_issues":[],"excluded":[],"missing_premises":[],"query_errors":0,"cap_hits":0,"gathered_candidates":2,"unique_candidates":2,"duplicate_candidates_merged":0,"budget":{"metric":"rendered_item_codepoints_div_4","includes_prompt_overhead":false,"initial_band_tokens":[0,1,0],"total_tokens":1,"final_band_tokens":[0,0,1],"used_band_tokens":[0,0,0],"used_tokens":0},"recovered_budget_drops":[]}},"answer_correctness":"not_measured"}
23:   logged: DEV case low_budget
23:           mode tfidf
23: 
23: /workspace/scratch/6a857f5e4336/chatadhd-w2/loom/tests/test_context_retrieval_dev.cpp:289: MESSAGE: W2_RETRIEVAL_DEV_ROW {"protocol":"w2.synthetic_dev.v1","case":"low_budget","mode":"union","pack_hash":"b149a86f452d2594b80088da6fe0d990b1a766d72a7b841c1b86f41970251759","request":{"text":"checkpoint","targets":["e_6dcaaa07327a560f"],"project":"","budget_tokens":1,"goal_type":"answer_question","run":"kr_69c5ea8ee1f275a0","lang":"en","detail_resolution":"full","candidate_channels":[{"id":"tfidf","limit":100,"min_score":0.0}]},"gold":["cl.dev.offset","cl.dev.resume"],"candidate_metrics":{"gold_count":2,"retrieved_count":4,"relevant_count":2,"irrelevant_count":2,"recall":1.0,"precision":0.5,"first_relevant_rank":2,"reciprocal_rank":0.5,"hits_at_1":false,"hits_at_3":true},"selected_metrics":{"gold_count":2,"retrieved_count":0,"relevant_count":0,"irrelevant_count":0,"recall":0.0,"precision":null,"first_relevant_rank":null,"reciprocal_rank":0.0,"hits_at_1":false,"hits_at_3":false},"candidate_rank":[{"ref":"cl.dev.wallpaper","score":0.8},{"ref":"cl.dev.offset","score":0.4},{"ref":"cl.dev.resume","score":0.27999999999999997},{"ref":"cl.dev.toolbar","score":0.27999999999999997}],"selected_rank":[],"used_tokens":0,"dropped":[{"ref_kind":"claim","ref":"cl.dev.wallpaper","band":"goal","resolution":"full","score":0.8,"factors":{"relevance":1.0,"authority":0.8,"freshness":1.0,"confidence":1.0,"exclusion_reason":"budget","discovery_reason":"explicit claim or candidate instrument; independent candidate instrument (reciprocal rank signal)","direct_goal_candidate":true,"candidate_channels":{"tfidf":{"method":"tfidf","score":0.3128445040346275,"rank":1,"selection_relevance":1.0,"ranking_signal":"reciprocal_channel_rank"}}},"tokens":27,"why":"over budget (needed 27 tokens, none of the remaining bands had room)","required_by":[],"text":""},{"ref_kind":"claim","ref":"cl.dev.offset","band":"goal","resolution":"full","score":0.4,"factors":{"relevance":0.5,"authority":0.8,"freshness":1.0,"confidence":1.0,"exclusion_reason":"budget","discovery_reason":"explicit claim or candidate instrument; independent candidate instrument (reciprocal rank signal)","direct_goal_candidate":true,"candidate_channels":{"tfidf":{"method":"tfidf","score":0.2591976395028348,"rank":2,"selection_relevance":0.5,"ranking_signal":"reciprocal_channel_rank"}}},"tokens":28,"why":"over budget (needed 28 tokens, none of the remaining bands had room)","required_by":[],"text":""},{"ref_kind":"claim","ref":"cl.dev.resume","band":"goal","resolution":"full","score":0.27999999999999997,"factors":{"relevance":0.35,"authority":0.8,"freshness":1.0,"confidence":1.0,"exclusion_reason":"budget","discovery_reason":"one hop from 'node alpha' via 'records'","direct_goal_candidate":true,"relation_hops":1},"tokens":34,"why":"over budget (needed 34 tokens, none of the remaining bands had room)","required_by":[],"text":""},{"ref_kind":"claim","ref":"cl.dev.toolbar","band":"goal","resolution":"full","score":0.27999999999999997,"factors":{"relevance":0.35,"authority":0.8,"freshness":1.0,"confidence":1.0,"exclusion_reason":"budget","discovery_reason":"one hop from 'node alpha' via 'records'","direct_goal_candidate":true,"relation_hops":1},"tokens":27,"why":"over budget (needed 27 tokens, none of the remaining bands had room)","required_by":[],"text":""}],"engine_diagnostics":{"confidence_basis":"explicit_owner_type","calibration_status":"unavailable","external_goal_typing":{"status":"offline","requests":0},"classifier":"forced","context_controls":{"relation_hops":1,"detail_resolution":"full"},"candidate_retrieval":{"run":"kr_69c5ea8ee1f275a0","scan_limit":10000,"channels":[{"method":"tfidf","status":"ok","reason":"","corpus_count":7,"scored_count":7,"unrepresentable_count":0,"unrepresentable_refs":[],"zero_score_count":5,"eligible_count":2,"truncated":false,"scores":[{"ref":"cl.dev.wallpaper","score":0.3128445040346275},{"ref":"cl.dev.offset","score":0.2591976395028348},{"ref":"cl.dev.crypto","score":0.0},{"ref":"cl.dev.orchid","score":0.0},{"ref":"cl.dev.resume","score":0.0},{"ref":"cl.dev.toolbar","score":0.0},{"ref":"cl.dev.weather","score":0.0}],"hits":[{"ref":"cl.dev.wallpaper","score":0.3128445040346275},{"ref":"cl.dev.offset","score":0.2591976395028348}],"id":"tfidf","request":{"id":"tfidf","limit":100,"min_score":0.0},"invalid_hits":[],"accepted_hits":[{"ref":"cl.dev.wallpaper","score":0.3128445040346275},{"ref":"cl.dev.offset","score":0.2591976395028348}]}],"corpus_status":"ok","possibly_truncated":false,"evidence_boundary":"candidate_similarity_is_not_support_truth_or_identity","scanned_claims":7,"admitted_claims":7,"filtered_claims":0,"entity_label_query_errors":0},"retrieval_diagnostics":{"status":"bounded","exhaustive":false,"queries":[{"operation":"principles","selector":{},"limit":1000000,"returned":0,"status":"below_cap"},{"operation":"project_instances","selector":{"project":"e_6dcaaa07327a560f"},"limit":1000000,"returned":0,"status":"below_cap"},{"operation":"project_decisions","selector":{"project":"e_6dcaaa07327a560f"},"limit":1000000,"returned":0,"status":"below_cap"},{"operation":"status_history","selector":{"entity":"e_6dcaaa07327a560f"},"limit":1000000,"returned":0,"status":"below_cap"},{"operation":"graph","selector":{"entity":"e_6dcaaa07327a560f","direction":"outgoing","hop":1},"limit":10000,"returned":2,"status":"below_cap"},{"operation":"graph","selector":{"entity":"e_6dcaaa07327a560f","direction":"incoming","hop":1},"limit":10000,"returned":0,"status":"below_cap"}],"lookup_issues":[],"excluded":[],"missing_premises":[],"query_errors":0,"cap_hits":0,"gathered_candidates":4,"unique_candidates":4,"duplicate_candidates_merged":0,"budget":{"metric":"rendered_item_codepoints_div_4","includes_prompt_overhead":false,"initial_band_tokens":[0,1,0],"total_tokens":1,"final_band_tokens":[0,0,1],"used_band_tokens":[0,0,0],"used_tokens":0},"recovered_budget_drops":[]}},"answer_correctness":"not_measured"}
23:   logged: DEV case low_budget
23:           mode union
23: 
23: /workspace/scratch/6a857f5e4336/chatadhd-w2/loom/tests/test_context_retrieval_dev.cpp:289: MESSAGE: W2_RETRIEVAL_DEV_ROW {"protocol":"w2.synthetic_dev.v1","case":"low_budget","mode":"graph_shadow","pack_hash":"b149a86f452d2594b80088da6fe0d990b1a766d72a7b841c1b86f41970251759","request":{"text":"checkpoint","targets":["e_6dcaaa07327a560f"],"project":"","budget_tokens":1,"goal_type":"answer_question","run":"kr_69c5ea8ee1f275a0","lang":"en","detail_resolution":"full","lexical_shadow":true},"gold":["cl.dev.offset","cl.dev.resume"],"candidate_metrics":{"gold_count":2,"retrieved_count":2,"relevant_count":1,"irrelevant_count":1,"recall":0.5,"precision":0.5,"first_relevant_rank":1,"reciprocal_rank":1.0,"hits_at_1":true,"hits_at_3":true},"selected_metrics":{"gold_count":2,"retrieved_count":0,"relevant_count":0,"irrelevant_count":0,"recall":0.0,"precision":null,"first_relevant_rank":null,"reciprocal_rank":0.0,"hits_at_1":false,"hits_at_3":false},"candidate_rank":[{"ref":"cl.dev.resume","score":0.27999999999999997},{"ref":"cl.dev.toolbar","score":0.27999999999999997}],"selected_rank":[],"used_tokens":0,"dropped":[{"ref_kind":"claim","ref":"cl.dev.resume","band":"goal","resolution":"full","score":0.27999999999999997,"factors":{"relevance":0.35,"authority":0.8,"freshness":1.0,"confidence":1.0,"exclusion_reason":"budget","discovery_reason":"one hop from 'node alpha' via 'records'","direct_goal_candidate":true,"relation_hops":1},"tokens":34,"why":"over budget (needed 34 tokens, none of the remaining bands had room)","required_by":[],"text":""},{"ref_kind":"claim","ref":"cl.dev.toolbar","band":"goal","resolution":"full","score":0.27999999999999997,"factors":{"relevance":0.35,"authority":0.8,"freshness":1.0,"confidence":1.0,"exclusion_reason":"budget","discovery_reason":"one hop from 'node alpha' via 'records'","direct_goal_candidate":true,"relation_hops":1},"tokens":27,"why":"over budget (needed 27 tokens, none of the remaining bands had room)","required_by":[],"text":""}],"engine_diagnostics":{"confidence_basis":"explicit_owner_type","calibration_status":"unavailable","external_goal_typing":{"status":"offline","requests":0},"classifier":"forced","context_controls":{"relation_hops":1,"detail_resolution":"full"},"candidate_retrieval":{"run":"kr_69c5ea8ee1f275a0","scan_limit":10000,"channels":[],"corpus_status":"ok","possibly_truncated":false,"evidence_boundary":"candidate_similarity_is_not_support_truth_or_identity","scanned_claims":7,"admitted_claims":7,"filtered_claims":0,"entity_label_query_errors":0,"lexical_shadow":{"method":"lexical_token_overlap","status":"ok","reason":"","corpus_count":7,"scored_count":7,"unrepresentable_count":0,"unrepresentable_refs":[],"zero_score_count":5,"eligible_count":2,"truncated":false,"scores":[{"ref":"cl.dev.offset","score":1.0},{"ref":"cl.dev.wallpaper","score":1.0},{"ref":"cl.dev.crypto","score":0.0},{"ref":"cl.dev.orchid","score":0.0},{"ref":"cl.dev.resume","score":0.0},{"ref":"cl.dev.toolbar","score":0.0},{"ref":"cl.dev.weather","score":0.0}],"hits":[{"ref":"cl.dev.offset","score":1.0},{"ref":"cl.dev.wallpaper","score":1.0}],"diagnostic_gap":[{"ref":"cl.dev.offset","score":1.0,"verification":"undecided"},{"ref":"cl.dev.wallpaper","score":1.0,"verification":"undecided"}],"comparison":"lexical_hits_minus_graph_and_nonlexical_channel_hits_before_selection","selection_effect":"none"}},"retrieval_diagnostics":{"status":"bounded","exhaustive":false,"queries":[{"operation":"principles","selector":{},"limit":1000000,"returned":0,"status":"below_cap"},{"operation":"project_instances","selector":{"project":"e_6dcaaa07327a560f"},"limit":1000000,"returned":0,"status":"below_cap"},{"operation":"project_decisions","selector":{"project":"e_6dcaaa07327a560f"},"limit":1000000,"returned":0,"status":"below_cap"},{"operation":"status_history","selector":{"entity":"e_6dcaaa07327a560f"},"limit":1000000,"returned":0,"status":"below_cap"},{"operation":"graph","selector":{"entity":"e_6dcaaa07327a560f","direction":"outgoing","hop":1},"limit":10000,"returned":2,"status":"below_cap"},{"operation":"graph","selector":{"entity":"e_6dcaaa07327a560f","direction":"incoming","hop":1},"limit":10000,"returned":0,"status":"below_cap"}],"lookup_issues":[],"excluded":[],"missing_premises":[],"query_errors":0,"cap_hits":0,"gathered_candidates":2,"unique_candidates":2,"duplicate_candidates_merged":0,"budget":{"metric":"rendered_item_codepoints_div_4","includes_prompt_overhead":false,"initial_band_tokens":[0,1,0],"total_tokens":1,"final_band_tokens":[0,0,1],"used_band_tokens":[0,0,0],"used_tokens":0},"recovered_budget_drops":[]}},"answer_correctness":"not_measured"}
23:   logged: DEV case low_budget
23:           mode graph_shadow
23: 
23: /workspace/scratch/6a857f5e4336/chatadhd-w2/loom/tests/test_context_retrieval_dev.cpp:320: MESSAGE: W2_RETRIEVAL_DEV_SUMMARY {"protocol":"w2.synthetic_dev.v1","mode":"graph","candidate":{"case_count":6,"nonempty_gold_case_count":5,"gold_count":8,"retrieved_count":4,"relevant_count":2,"micro_recall":0.25,"micro_precision":0.5,"mrr":0.4,"hits_at_1_count":2,"hits_at_3_count":2},"selected":{"case_count":6,"nonempty_gold_case_count":5,"gold_count":8,"retrieved_count":2,"relevant_count":1,"micro_recall":0.125,"micro_precision":0.5,"mrr":0.2,"hits_at_1_count":1,"hits_at_3_count":1},"answer_correctness":"not_measured","quality_thresholds":"none; fixed synthetic DEV diagnostic"}
23: 
23: /workspace/scratch/6a857f5e4336/chatadhd-w2/loom/tests/test_context_retrieval_dev.cpp:320: MESSAGE: W2_RETRIEVAL_DEV_SUMMARY {"protocol":"w2.synthetic_dev.v1","mode":"tfidf","candidate":{"case_count":6,"nonempty_gold_case_count":5,"gold_count":8,"retrieved_count":8,"relevant_count":5,"micro_recall":0.625,"micro_precision":0.625,"mrr":0.7,"hits_at_1_count":2,"hits_at_3_count":5},"selected":{"case_count":6,"nonempty_gold_case_count":5,"gold_count":8,"retrieved_count":6,"relevant_count":4,"micro_recall":0.5,"micro_precision":0.6666666666666666,"mrr":0.6,"hits_at_1_count":2,"hits_at_3_count":4},"answer_correctness":"not_measured","quality_thresholds":"none; fixed synthetic DEV diagnostic"}
23: 
23: /workspace/scratch/6a857f5e4336/chatadhd-w2/loom/tests/test_context_retrieval_dev.cpp:320: MESSAGE: W2_RETRIEVAL_DEV_SUMMARY {"protocol":"w2.synthetic_dev.v1","mode":"union","candidate":{"case_count":6,"nonempty_gold_case_count":5,"gold_count":8,"retrieved_count":12,"relevant_count":7,"micro_recall":0.875,"micro_precision":0.5833333333333334,"mrr":0.7,"hits_at_1_count":2,"hits_at_3_count":5},"selected":{"case_count":6,"nonempty_gold_case_count":5,"gold_count":8,"retrieved_count":8,"relevant_count":5,"micro_recall":0.625,"micro_precision":0.625,"mrr":0.6,"hits_at_1_count":2,"hits_at_3_count":4},"answer_correctness":"not_measured","quality_thresholds":"none; fixed synthetic DEV diagnostic"}
23: 
23: /workspace/scratch/6a857f5e4336/chatadhd-w2/loom/tests/test_context_retrieval_dev.cpp:320: MESSAGE: W2_RETRIEVAL_DEV_SUMMARY {"protocol":"w2.synthetic_dev.v1","mode":"graph_shadow","candidate":{"case_count":6,"nonempty_gold_case_count":5,"gold_count":8,"retrieved_count":4,"relevant_count":2,"micro_recall":0.25,"micro_precision":0.5,"mrr":0.4,"hits_at_1_count":2,"hits_at_3_count":2},"selected":{"case_count":6,"nonempty_gold_case_count":5,"gold_count":8,"retrieved_count":2,"relevant_count":1,"micro_recall":0.125,"micro_precision":0.5,"mrr":0.2,"hits_at_1_count":1,"hits_at_3_count":1},"answer_correctness":"not_measured","quality_thresholds":"none; fixed synthetic DEV diagnostic"}
23: 
23: ===============================================================================
23: [doctest] test cases:   1 |   1 passed | 0 failed | 540 skipped
23: [doctest] assertions: 241 | 241 passed | 0 failed |
23: [doctest] Status: SUCCESS!
20/20 Test #23: unit.test_context_retrieval_dev .........   Passed    2.03 sec

The following tests passed:
	unit.test_resolve_attribution
	unit.test_context_plan
	unit.test_chat_knowledge_context
	unit.test_context_engine
	unit.test_context_diagnostics
	unit.test_resolve_lineage
	unit.test_catalog_context
	unit.test_materialize
	unit.test_capi
	unit.test_context_eval
	unit.test_context_controls
	unit.test_context_native_consumer
	unit.test_context_retrieval
	unit.test_capi_knowledge
	unit.test_context_channel_integration
	unit.test_context_counter
	compat.test_abi_compat
	unit.test_chat_engine
	unit.test_resolve
	unit.test_context_retrieval_dev

100% tests passed out of 20

Total Test time (real) =  25.20 sec
